C	Methan
CC	Ethan
CCC	Propan
CC(C)C	2-Methylpropan
CCCC	Butan
CC(C)(C)C	2,2-Dimethylpropan
CCC(C)C	2-Methylbutan
CCCCC	Pentan
CCC(C)(C)C	2,2-Dimethylbutan
CC(C)C(C)C	2,3-Dimethylbutan
CCC(C)CC	3-Methylpentan
CCCC(C)C	2-Methylpentan
CCCCCC	Hexan
CC(C)C(C)(C)C	2,2,3-Trimethylbutan
CCC(C)(C)CC	3,3-Dimethylpentan
CCCC(C)(C)C	2,2-Dimethylpentan
CCC(C)C(C)C	2,3-Dimethylpentan
CCC(CC)CC	3-Ethylpentan
CCCC(C)CC	3-Methylhexan
CC(C)CC(C)C	2,4-Dimethylpentan
CCCCC(C)C	2-Methylhexan
CCCCCCC	Heptan
CC(C)(C)C(C)(C)C	2,2,3,3-Tetramethylbutan
CCC(C)(C)C(C)C	2,3,3-Trimethylpentan
CCC(C)C(C)(C)C	2,2,3-Trimethylpentan
CCC(C)(CC)CC	3-Ethyl-3-methylpentan
CCCC(C)(C)CC	3,3-Dimethylhexan
CC(C)CC(C)(C)C	2,2,4-Trimethylpentan
CCCCC(C)(C)C	2,2-Dimethylhexan
CC(C)C(C)C(C)C	2,3,4-Trimethylpentan
CCC(CC)C(C)C	3-Ethyl-2-methylpentan
CCC(C)C(C)CC	3,4-Dimethylhexan
CCCC(C)C(C)C	2,3-Dimethylhexan
CCCC(CC)CC	3-Ethylhexan
CCC(C)CC(C)C	2,4-Dimethylhexan
CCCC(C)CCC	4-Methylheptan
CCCCC(C)CC	3-Methylheptan
CC(C)CCC(C)C	2,5-Dimethylhexan
CCCCCC(C)C	2-Methylheptan
CCCCCCCC	Octan
CCC(C)(C)C(C)(C)C	2,2,3,3-Tetramethylpentan
CC(C)C(C)(C)C(C)C	2,3,3,4-Tetramethylpentan
CCC(C)(CC)C(C)C	3-Ethyl-2,3-dimethylpentan
CCC(C)C(C)(C)CC	3,3,4-Trimethylhexan
CCCC(C)(C)C(C)C	2,3,3-Trimethylhexan
CC(C)C(C)C(C)(C)C	2,2,3,4-Tetramethylpentan
CCC(CC)C(C)(C)C	3-Ethyl-2,2-dimethylpentan
CCCC(C)C(C)(C)C	2,2,3-Trimethylhexan
CCC(CC)(CC)CC	3,3-Diethylpentan
CCCC(C)(CC)CC	3-Ethyl-3-methylhexan
CCC(C)(C)CC(C)C	2,4,4-Trimethylhexan
CCCC(C)(C)CCC	4,4-Dimethylheptan
CCCCC(C)(C)CC	3,3-Dimethylheptan
CC(C)(C)CC(C)(C)C	2,2,4,4-Tetramethylpentan
CCC(C)CC(C)(C)C	2,2,4-Trimethylhexan
CC(C)CCC(C)(C)C	2,2,5-Trimethylhexan
CCCCCC(C)(C)C	2,2-Dimethylheptan
CCC(C(C)C)C(C)C	3-Ethyl-2,4-dimethylpentan
CCC(C)C(C)C(C)C	2,3,4-Trimethylhexan
CCC(C)C(CC)CC	3-Ethyl-4-methylhexan
CCCC(CC)C(C)C	3-Ethyl-2-methylhexan
CCCC(C)C(C)CC	3,4-Dimethylheptan
CC(C)CC(C)C(C)C	2,3,5-Trimethylhexan
CCCCC(C)C(C)C	2,3-Dimethylheptan
CCC(CC)CC(C)C	4-Ethyl-2-methylhexan
CCCC(CC)CCC	4-Ethylheptan
CCCCC(CC)CC	3-Ethylheptan
CCCC(C)CC(C)C	2,4-Dimethylheptan
CCC(C)CC(C)CC	3,5-Dimethylheptan
CCCCC(C)CCC	4-Methyloctan
CCC(C)CCC(C)C	2,5-Dimethylheptan
CCCCCC(C)CC	3-Methyloctan
CC(C)CCCC(C)C	2,6-Dimethylheptan
CCCCCCC(C)C	2-Methyloctan
CCCCCCCCC	Nonan
CC(C)C(C)(C)C(C)(C)C	2,2,3,3,4-Pentamethylpentan
CCC(C)(CC)C(C)(C)C	3-Ethyl-2,2,3-trimethylpentan
CCC(C)(C)C(C)(C)CC	3,3,4,4-Tetramethylhexan
CCCC(C)(C)C(C)(C)C	2,2,3,3-Tetramethylhexan
CCC(C)(C(C)C)C(C)C	3-Ethyl-2,3,4-trimethylpentan
CCC(C)C(C)(C)C(C)C	2,3,3,4-Tetramethylhexan
CCC(CC)(CC)C(C)C	3,3-Diethyl-2-methylpentan
CCC(C)C(C)(CC)CC	3-Ethyl-3,4-dimethylhexan
CCCC(C)(CC)C(C)C	3-Ethyl-2,3-dimethylhexan
CCC(C)(C)C(C)C(C)C	2,3,4,4-Tetramethylhexan
CCC(CC)C(C)(C)CC	4-Ethyl-3,3-dimethylhexan
CCCC(C)(C)C(C)CC	3,4,4-Trimethylheptan
CCCC(C)C(C)(C)CC	3,3,4-Trimethylheptan
CC(C)CC(C)(C)C(C)C	2,3,3,5-Tetramethylhexan
CCCCC(C)(C)C(C)C	2,3,3-Trimethylheptan
CC(C(C)(C)C)C(C)(C)C	2,2,3,4,4-Pentamethylpentan
CCC(C(C)C)C(C)(C)C	3-Ethyl-2,2,4-trimethylpentan
CCC(C)C(C)C(C)(C)C	2,2,3,4-Tetramethylhexan
CCCC(CC)C(C)(C)C	3-Ethyl-2,2-dimethylhexan
CC(C)CC(C)C(C)(C)C	2,2,3,5-Tetramethylhexan
CCCCC(C)C(C)(C)C	2,2,3-Trimethylheptan
CCCC(CC)(CC)CC	3,3-Diethylhexan
CCC(C)(CC)CC(C)C	4-Ethyl-2,4-dimethylhexan
CCCC(C)(CC)CCC	4-Ethyl-4-methylheptan
CCCCC(C)(CC)CC	3-Ethyl-3-methylheptan
CCC(C)(C)CC(C)(C)C	2,2,4,4-Tetramethylhexan
CCCC(C)(C)CC(C)C	2,4,4-Trimethylheptan
CCC(C)CC(C)(C)CC	3,3,5-Trimethylheptan
CCCCC(C)(C)CCC	4,4-Dimethyloctan
CCC(C)(C)CCC(C)C	2,5,5-Trimethylheptan
CCCCCC(C)(C)CC	3,3-Dimethyloctan
CC(C)C(C)CC(C)(C)C	2,2,4,5-Tetramethylhexan
CCC(CC)CC(C)(C)C	4-Ethyl-2,2-dimethylhexan
CCCC(C)CC(C)(C)C	2,2,4-Trimethylheptan
CC(C)(C)CCC(C)(C)C	2,2,5,5-Tetramethylhexan
CCC(C)CCC(C)(C)C	2,2,5-Trimethylheptan
CC(C)CCCC(C)(C)C	2,2,6-Trimethylheptan
CCCCCCC(C)(C)C	2,2-Dimethyloctan
CC(C)C(C(C)C)C(C)C	2,4-Dimethyl-3-(1-methylethyl)pentan
CCC(C)C(CC)C(C)C	3-Ethyl-2,4-dimethylhexan
CCCC(C(C)C)C(C)C	2-Methyl-3-(1-methylethyl)hexan
CC(C)C(C)C(C)C(C)C	2,3,4,5-Tetramethylhexan
CCC(CC)C(C)C(C)C	4-Ethyl-2,3-dimethylhexan
CCC(C)C(C)C(C)CC	3,4,5-Trimethylheptan
CCCC(C)C(C)C(C)C	2,3,4-Trimethylheptan
CCC(CC)C(CC)CC	3,4-Diethylhexan
CCCC(CC)C(C)CC	4-Ethyl-3-methylheptan
CCCC(C)C(CC)CC	3-Ethyl-4-methylheptan
CCC(CC(C)C)C(C)C	3-Ethyl-2,5-dimethylhexan
CCCC(CCC)C(C)C	4-(1-Methylethyl)heptan
CCCCC(CC)C(C)C	3-Ethyl-2-methylheptan
CCC(C)C(C)CC(C)C	2,4,5-Trimethylheptan
CCCC(C)C(C)CCC	4,5-Dimethyloctan
CCCCC(C)C(C)CC	3,4-Dimethyloctan
CCC(C)CC(C)C(C)C	2,3,5-Trimethylheptan
CC(C)CCC(C)C(C)C	2,3,6-Trimethylheptan
CCCCCC(C)C(C)C	2,3-Dimethyloctan
CCCC(CC)CC(C)C	4-Ethyl-2-methylheptan
CCC(C)CC(CC)CC	3-Ethyl-5-methylheptan
CCCC(CCC)CCC	4-Propylheptan
CCCCC(CC)CCC	4-Ethyloctan
CCC(CC)CCC(C)C	5-Ethyl-2-methylheptan
CCCCCC(CC)CC	3-Ethyloctan
CC(C)CC(C)CC(C)C	2,4,6-Trimethylheptan
CCCC(C)CC(C)CC	3,5-Dimethyloctan
CCCCC(C)CC(C)C	2,4-Dimethyloctan
CCCC(C)CCC(C)C	2,5-Dimethyloctan
CCCCC(C)CCCC	5-Methylnonan
CCCCCC(C)CCC	4-Methylnonan
CCC(C)CCC(C)CC	3,6-Dimethyloctan
CCC(C)CCCC(C)C	2,6-Dimethyloctan
CCCCCCC(C)CC	3-Methylnonan
CC(C)CCCCC(C)C	2,7-Dimethyloctan
CCCCCCCC(C)C	2-Methylnonan
CCCCCCCCCC	Decan
C=C	Ethen
C#C	Ethin
C=CC	Propen
C#CC	Propin
C=C(C)C	2-Methylprop-1-en
C/C=C/C	(E)-But-2-en
CC#CC	But-2-in
C=CCC	But-1-en
C#CCC	But-1-in
CC=C(C)C	2-Methylbut-2-en
C=C(C)CC	2-Methylbut-1-en
C=CC(C)C	3-Methylbut-1-en
C#CC(C)C	3-Methylbut-1-in
C/C=C\CC	(Z)-Pent-2-en
CC#CCC	Pent-2-in
C/C=C/CC	(E)-Pent-2-en
C=CCCC	Pent-1-en
C#CCCC	Pent-1-in
C=CC(C)(C)C	3,3-Dimethylbut-1-en
C#CC(C)(C)C	3,3-Dimethylbut-1-in
CC(C)=C(C)C	2,3-Dimethylbut-2-en
C=C(C)C(C)C	2,3-Dimethylbut-1-en
C/C=C(\C)CC	(E)-3-Methylpent-2-en
C=C(CC)CC	3-Methylidenpentan
C=CC(C)CC	3-Methylpent-1-en
C#CC(C)CC	3-Methylpent-1-in
CCC=C(C)C	2-Methylpent-2-en
C=C(C)CCC	2-Methylpent-1-en
C/C=C\C(C)C	(Z)-4-Methylpent-2-en
CC#CC(C)C	4-Methylpent-2-in
C=CCC(C)C	4-Methylpent-1-en
C#CCC(C)C	4-Methylpent-1-in
CC/C=C/CC	(E)-Hex-3-en
CCC#CCC	Hex-3-in
C/C=C/CCC	(E)-Hex-2-en
CC#CCCC	Hex-2-in
C/C=C\CCC	(Z)-Hex-2-en
C=CCCCC	Hex-1-en
C#CCCCC	Hex-1-in
C=C(C)C(C)(C)C	2,3,3-Trimethylbut-1-en
C=CC(C)(C)CC	3,3-Dimethylpent-1-en
C#CC(C)(C)CC	3,3-Dimethylpent-1-in
C/C=C/C(C)(C)C	(E)-4,4-Dimethylpent-2-en
CC#CC(C)(C)C	4,4-Dimethylpent-2-in
C=CCC(C)(C)C	4,4-Dimethylpent-1-en
C#CCC(C)(C)C	4,4-Dimethylpent-1-in
CCC(C)=C(C)C	2,3-Dimethylpent-2-en
C/C=C(/C)C(C)C	(Z)-3,4-Dimethylpent-2-en
C=C(CC)C(C)C	2-Methyl-3-methylidenpentan
C=C(C)C(C)CC	2,3-Dimethylpent-1-en
C=CC(C)C(C)C	3,4-Dimethylpent-1-en
C#CC(C)C(C)C	3,4-Dimethylpent-1-in
CC=C(CC)CC	3-Ethylpent-2-en
C=CC(CC)CC	3-Ethylpent-1-en
C#CC(CC)CC	3-Ethylpent-1-in
CC/C=C(/C)CC	(Z)-3-Methylhex-3-en
C/C=C(/C)CCC	(Z)-3-Methylhex-2-en
C=C(CC)CCC	3-Methylidenhexan
C/C=C\C(C)CC	(Z)-4-Methylhex-2-en
CC#CC(C)CC	4-Methylhex-2-in
C=CC(C)CCC	3-Methylhex-1-en
C#CC(C)CCC	3-Methylhex-1-in
C=CCC(C)CC	4-Methylhex-1-en
C#CCC(C)CC	4-Methylhex-1-in
CC(C)=CC(C)C	2,4-Dimethylpent-2-en
C=C(C)CC(C)C	2,4-Dimethylpent-1-en
CCCC=C(C)C	2-Methylhex-2-en
C=C(C)CCCC	2-Methylhex-1-en
CC/C=C\C(C)C	(Z)-2-Methylhex-3-en
CCC#CC(C)C	2-Methylhex-3-in
C/C=C\CC(C)C	(Z)-5-Methylhex-2-en
CC#CCC(C)C	5-Methylhex-2-in
C=CCCC(C)C	5-Methylhex-1-en
C#CCCC(C)C	5-Methylhex-1-in
CC/C=C\CCC	(Z)-Hept-3-en
CCC#CCCC	Hept-3-in
C/C=C\CCCC	(Z)-Hept-2-en
CC#CCCCC	Hept-2-in
C/C=C/CCCC	(E)-Hept-2-en
C=CCCCCC	Hept-1-en
C#CCCCCC	Hept-1-in
C=C/C=C/CC	(E)-Hexa-1,3-dien
C/C=C(\CC)C(C)C	(E)-3-Ethyl-4-methylpent-2-en
CC(C)=C(C)C(C)C	2,3,4-Trimethylpent-2-en
C#CC(C)(CC)CC	3-Ethyl-3-methylpent-1-in
C=CCCC(C)CC	5-Methylhept-1-en
C=C=CC(C)CCC	4-Methylhepta-1,2-dien
C=CC(C)(C)CCC	3,3-Dimethylhex-1-en
CC=C=CC	Penta-2,3-dien
C#CCC(C)CCC	4-Methylhept-1-in
C=CCC(C=C)CC	3-Ethylhexa-1,5-dien
C=CCC(C)(C)CC	4,4-Dimethylhex-1-en
CCCC#CCCC	Oct-4-in
C/C=C(\C)C(C)(C)C	(E)-3,4,4-Trimethylpent-2-en
C=CCC=C(C)C	5-Methylhexa-1,4-dien
C=C(CC)/C(C)=C/C	(E)-3-Methyl-4-methylidenhex-2-en
C=CC(C)(C)C(=C)C	2,3,3-Trimethylpenta-1,4-dien
C=CCC(C)/C=C\C	(Z)-4-Methylhepta-1,5-dien
C/C=C(/C)C(C)CC	(Z)-3,4-Dimethylhex-2-en
C=C(C)CCC(C)C	2,5-Dimethylhex-1-en
C/C=C\C(C)(C)CC	(Z)-4,4-Dimethylhex-2-en
C#CCC/C(C)=C/C	(E)-5-Methylhept-5-en-1-in
C=CCC/C(C)=C\C	(Z)-5-Methylhepta-1,5-dien
CC#CC(C)C(C)C	4,5-Dimethylhex-2-in
C/C=C\C/C=C\C	(2Z,5Z)-Hepta-2,5-dien
CC(C)=CCC(C)C	2,5-Dimethylhex-2-en
C=C(C)/C=C(\C)CC	(E)-2,4-Dimethylhexa-1,3-dien
CCC=C=CCCC	Octa-3,4-dien
C/C=C\CC(C)(C)C	(Z)-5,5-Dimethylhex-2-en
C#CCC(C)(C)CC	4,4-Dimethylhex-1-in
C#CC=C	But-1-en-3-in
C=C=C(CC)CCC	3-Ethylhexa-1,2-dien
C=CC(C=C)CCC	3-Ethenylhex-1-en
C=CC(C)C(=C)C	2,3-Dimethylpenta-1,4-dien
C=C=CC	Buta-1,2-dien
C#CC#CC	Penta-1,3-diin
C/C=C/CC(C)CC	(E)-5-Methylhept-2-en
CC#CCC(C)(C)C	5,5-Dimethylhex-2-in
C=C=CC(=C)C	4-Methylpenta-1,2,4-trien
CC/C=C\C=C(C)C	(Z)-2-Methylhepta-2,4-dien
C=C(C)C(C)C(C)C	2,3,4-Trimethylpent-1-en
C=CC(CC)=C(C)C	3-Ethyl-4-methylpenta-1,3-dien
C=C=C(C)C(C)CC	3,4-Dimethylhexa-1,2-dien
C/C=C(\C)CCC	(E)-3-Methylhex-2-en
CCC(C)C=C(C)C	2,4-Dimethylhex-2-en
C/C=C(\C)CC(C)C	(E)-3,5-Dimethylhex-2-en
C=C(C)/C(=C/C)CC	(E)-3-Ethyl-2-methylpenta-1,3-dien
CC/C=C/C(C)(C)C	(E)-2,2-Dimethylhex-3-en
C=C=CC(C)CC	4-Methylhexa-1,2-dien
C=C=C(C)C(C)C	3,4-Dimethylpenta-1,2-dien
C/C=C\C(CC)CC	(Z)-4-Ethylhex-2-en
C#CC(C=C)CC	3-Ethylpent-1-en-4-in
C=CC(CC)CCC	3-Ethylhex-1-en
C=CC(C#CC)CC	3-Ethylhex-1-en-4-in
CC(C)/C=C/C(C)C	(E)-2,5-Dimethylhex-3-en
C=C(C)/C(=C\C)CC	(Z)-3-Ethyl-2-methylpenta-1,3-dien
C#C/C=C(\C=C)CC	(Z)-3-Ethylhexa-1,3-dien-5-in
C#CC(C)(C)CCC	3,3-Dimethylhex-1-in
C=CC(C)/C=C/CC	(E)-3-Methylhepta-1,4-dien
C#CC(C)CC(C)C	3,5-Dimethylhex-1-in
CC=C=CC/C=C\C	(Z)-Octa-2,3,6-trien
C=CC/C(C)=C/CC	(E)-4-Methylhepta-1,4-dien
C=C=CCC	Penta-1,2-dien
CCC#CC(C)(C)C	2,2-Dimethylhex-3-in
C/C=C\C(C)=C\C	(2E,4Z)-3-Methylhexa-2,4-dien
CCC=C=C(C)CC	3-Methylhepta-3,4-dien
CC/C(C)=C(\C)CC	(E)-3,4-Dimethylhex-3-en
C=CC(=C)C	2-Methylbuta-1,3-dien
C#CCC(=C)/C=C\C	(Z)-4-Methylidenhept-5-en-1-in
C=CCC(C)C(C)C	4,5-Dimethylhex-1-en
C=C=C	Propa-1,2-dien
C=C(C)CC(C)(C)C	2,4,4-Trimethylpent-1-en
C=CC=C	Buta-1,3-dien
CC(C)=CC(C)(C)C	2,4,4-Trimethylpent-2-en
C/C=C/C(C)=C\CC	(2E,4Z)-4-Methylhepta-2,4-dien
C=CC/C=C/C	(E)-Hexa-1,4-dien
C#C/C=C/C(C)(C)C	(E)-5,5-Dimethylhex-3-en-1-in
C=CC(CC)C(C)C	3-Ethyl-4-methylpent-1-en
C/C=C(/C)CC(C)C	(Z)-3,5-Dimethylhex-2-en
C=CC(=C)C(C)(C)C	4,4-Dimethyl-3-methylidenpent-1-en
C/C=C(/CC)C(C)C	(Z)-3-Ethyl-4-methylpent-2-en
CC=C=CCC	Hexa-2,3-dien
C=C(CC)C(C)(C)C	2,2-Dimethyl-3-methylidenpentan
C=CC/C=C(\C)CC	(E)-5-Methylhepta-1,4-dien
C=C/C(=C\C)C(=C)C	(E)-3-Ethenyl-2-methylpenta-1,3-dien
C=C/C=C/C(=C)C	(E)-2-Methylhexa-1,3,5-trien
CC/C=C\C(C)CC	(Z)-5-Methylhept-3-en
C=C/C=C(\C)C(C)C	(E)-4,5-Dimethylhexa-1,3-dien
C#CC(C)(C#C)CC	3-Ethyl-3-methylpenta-1,4-diin
C=C/C(=C/CC)CC	(E)-3-Ethylhexa-1,3-dien
C=CCC(=C)CC	4-Methylidenhex-1-en
CC/C=C(/C)C(C)C	(Z)-2,3-Dimethylhex-3-en
CC/C(C)=C(/C)CC	(Z)-3,4-Dimethylhex-3-en
C=CC(C)(C)C=C	3,3-Dimethylpenta-1,4-dien
C/C=C\CC(C)CC	(Z)-5-Methylhept-2-en
C/C=C/C(C)CCC	(E)-4-Methylhept-2-en
C=C(C)CCCCC	2-Methylhept-1-en
C#CC=C(C)C	4-Methylpent-3-en-1-in
C=CC#CC=C	Hexa-1,5-dien-3-in
C=C(C)/C=C\C(C)C	(Z)-2,5-Dimethylhexa-1,3-dien
C#CCCC(=C)C	2-Methylhex-1-en-5-in
C#CC(CC)CCC	3-Ethylhex-1-in
C=CC(C)(C=C)CC	3-Ethyl-3-methylpenta-1,4-dien
C=C=CC(CC)CC	4-Ethylhexa-1,2-dien
C=C/C=C\C	(Z)-Penta-1,3-dien
C#CCCC=C	Hex-1-en-5-in
C#CC(=C)C	2-Methylbut-1-en-3-in
C=CC#CC(C)CC	5-Methylhept-1-en-3-in
C=CC#CC(C)(C)C	5,5-Dimethylhex-1-en-3-in
C#CC(C)(C)C(=C)C	2,3,3-Trimethylpent-1-en-4-in
CCC=C=CCC	Hepta-3,4-dien
C=C(C)CC(C)CC	2,4-Dimethylhex-1-en
C=C(C)C(C)(C)CC	2,3,3-Trimethylpent-1-en
C=C/C(C)=C/C(C)C	(E)-3,5-Dimethylhexa-1,3-dien
C=CC(C)C(C)(C)C	3,4,4-Trimethylpent-1-en
C#C/C(=C/C)CC	(E)-3-Ethylpent-3-en-1-in
CC(C)/C=C\C(C)C	(Z)-2,5-Dimethylhex-3-en
C/C=C(\C)C(C)C	(E)-3,4-Dimethylpent-2-en
C/C=C/C(C)C	(E)-4-Methylpent-2-en
C/C=C(\C)C(C)CC	(E)-3,4-Dimethylhex-2-en
C#CC(C)C(=C)CC	3-Methyl-4-methylidenhex-1-in
C/C=C(/C)CC	(Z)-3-Methylpent-2-en
C=C(C)C(=C)CC	2-Methyl-3-methylidenpent-1-en
C/C=C\C#CCCC	(Z)-Oct-2-en-4-in
C=C(C)C(=C)CCC	2-Methyl-3-methylidenhex-1-en
C=C=C/C(C)=C/CC	(E)-4-Methylhepta-1,2,4-trien
C#CC(C)(C)C(C)C	3,3,4-Trimethylpent-1-in
C#CC(C)CCCC	3-Methylhept-1-in
C=CC(C)(C)C(C)C	3,3,4-Trimethylpent-1-en
C=C(CC)C/C=C\C	(Z)-5-Methylidenhept-2-en
C=CC(C)(CC)CC	3-Ethyl-3-methylpent-1-en
C=C=C(CC)CC=C	3-Ethylhexa-1,2,5-trien
C=CC#CCC	Hex-1-en-3-in
CC/C=C/C(C)C	(E)-2-Methylhex-3-en
CCC#CCCCC	Oct-3-in
C=C=C(C)CCC	3-Methylhexa-1,2-dien
C=CC(C)/C=C\C	(Z)-3-Methylhexa-1,4-dien
C=C(CC)C(C)CC	3-Methyl-4-methylidenhexan
CC=C=C=C(C)C	2-Methylhexa-2,3,4-trien
CC#CC#CC	Hexa-2,4-diin
C=C(/C=C/C)CC	(E)-4-Methylidenhex-2-en
C=C(C)C(CC)CC	3-Ethyl-2-methylpent-1-en
C=C(CCC)CCC	4-Methylidenheptan
C=C(CC)CC(C)C	2-Methyl-4-methylidenhexan
CCCC=C=C(C)C	2-Methylhepta-2,3-dien
C/C=C\C(C)CCC	(Z)-4-Methylhept-2-en
C=C/C=C/C	(E)-Penta-1,3-dien
C=C(C)C#CCCC	2-Methylhept-1-en-3-in
CO	Methanol
CS	Methanthiol
CN	Methanamin
CF	Fluormethan
CCl	Chlormethan
CBr	Brommethan
CI	Iodmethan
C[N+](=O)[O-]	Nitromethan
COC	Methoxymethan
CCOC	Methoxyethan
COC(C)C	2-Methoxypropan
COC1=CC=CC=C1	Methoxybenzen
CSC	(Methylsulfanyl)methan
CCSC	(Methylsulfanyl)ethan
CNC	N-Methylmethanamin
CCNC	N-Methylethanamin
CN(C)C	N,N-Dimethylmethanamin
CCN(C)C	N,N-Dimethylethanamin
CNC(C)=O	N-Methylethanamid
C=O	Methanal
CC(=O)O	Ethansäure
CC=O	Ethanal
CC#N	Ethannitril
CC(N)=O	Ethanamid
CC(=O)N(C)C	N,N-Dimethylethanamid
COC(C)=O	Ethansäuremethylester
CCOC(C)=O	Ethansäureethylester
CC(=O)OC(C)C	Ethansäure(1-methylethyl)ester
COC=O	Methansäuremethylester
CC(C)=O	Propan-2-on
C/C=C\C	(Z)-But-2-en
CCO	Ethanol
CCCl	Chlorethan
CC(F)(F)F	1,1,1-Trifluorethan
CC1=CC=CC=C1	Methylbenzen
CCC1=CC=CC=C1	Ethylbenzen
CC1CCCCC1	Methylcyclohexan
CC1CC1	Methylcyclopropan
CC1CCCC1	Methylcyclopentan
CC1=CC=CC=N1	2-Methylpyridin
CC1=CC=CN=C1	3-Methylpyridin
CC1=CC=NC=C1	4-Methylpyridin
CC1=CC=CO1	2-Methylfuran
CC1=CSC=C1	3-Methylthiophen
CC1CCCO1	2-Methyloxolan
CN1CCCCC1	1-Methylpiperidin
CC1CCCN1	2-Methylpyrrolidin
CC1CCOCC1	4-Methyloxan
CCS	Ethanthiol
CCN	Ethanamin
CCF	Fluorethan
CCBr	Bromethan
CCI	Iodethan
CC[N+](=O)[O-]	Nitroethan
CCOCC	Ethoxyethan
CCOC(C)C	2-Ethoxypropan
CCOC1=CC=CC=C1	Ethoxybenzen
CCSCC	(Ethylsulfanyl)ethan
CCNCC	N-Ethylethanamin
CCN(C)CC	N-Ethyl-N-methylethanamin
CCNC(C)=O	N-Ethylethanamid
CCC(=O)O	Propansäure
CCC=O	Propanal
CCC#N	Propannitril
CCC(N)=O	Propanamid
CCC(=O)NC	N-Methylpropanamid
CCC(=O)N(C)C	N,N-Dimethylpropanamid
CCC(=O)OC	Propansäuremethylester
CCOC(=O)CC	Propansäureethylester
CCC(=O)OC(C)C	Propansäure(1-methylethyl)ester
CCOC=O	Methansäureethylester
CCC(C)=O	Butan-2-on
CCCO	Propan-1-ol
CCCCl	1-Chlorpropan
CCC(F)(F)F	1,1,1-Trifluorpropan
CCCC1=CC=CC=C1	Propylbenzen
CCC1CCCCC1	Ethylcyclohexan
CCC1CC1	Ethylcyclopropan
CCC1CCCC1	Ethylcyclopentan
CCC1=CC=CC=N1	2-Ethylpyridin
CCC1=CC=CN=C1	3-Ethylpyridin
CCC1=CC=NC=C1	4-Ethylpyridin
CCC1=CC=CO1	2-Ethylfuran
CCC1=CSC=C1	3-Ethylthiophen
CCC1CCCO1	2-Ethyloxolan
CCN1CCCCC1	1-Ethylpiperidin
CCC1CCCN1	2-Ethylpyrrolidin
CCC1CCOCC1	4-Ethyloxan
CC(C)O	Propan-2-ol
CC(C)S	Propan-2-thiol
CC(C)N	Propan-2-amin
CC(C)F	2-Fluorpropan
CC(C)Cl	2-Chlorpropan
CC(C)Br	2-Brompropan
CC(C)I	2-Iodpropan
CC(C)[N+](=O)[O-]	2-Nitropropan
CC(C)OC(C)C	2-(1-Methylethoxy)propan
CC(C)OC1=CC=CC=C1	(1-Methylethoxy)benzen
CSC(C)C	2-(Methylsulfanyl)propan
CCSC(C)C	2-(Ethylsulfanyl)propan
CNC(C)C	N-Methylpropan-2-amin
CCNC(C)C	N-Ethylpropan-2-amin
CC(C)N(C)C	N,N-Dimethylpropan-2-amin
CCN(C)C(C)C	N-Ethyl-N-methylpropan-2-amin
CC(=O)NC(C)C	N-(1-Methylethyl)ethanamid
CC(C)C(=O)O	2-Methylpropansäure
CC(C)C=O	2-Methylpropanal
CC(C)C#N	2-Methylpropannitril
CC(C)C(N)=O	2-Methylpropanamid
CNC(=O)C(C)C	N,2-Dimethylpropanamid
CC(C)C(=O)N(C)C	N,N,2-Trimethylpropanamid
COC(=O)C(C)C	2-Methylpropansäuremethylester
CCOC(=O)C(C)C	2-Methylpropansäureethylester
CC(C)OC(=O)C(C)C	2-Methylpropansäure(1-methylethyl)ester
CC(C)OC=O	Methansäure(1-methylethyl)ester
CC(=O)C(C)C	3-Methylbutan-2-on
CC(C)CO	2-Methylpropan-1-ol
CC(C)CCl	1-Chlor-2-methylpropan
CC(C)C(F)(F)F	1,1,1-Trifluor-2-methylpropan
CC(C)C1=CC=CC=C1	(1-Methylethyl)benzen
CC(C)CC1=CC=CC=C1	(2-Methylpropyl)benzen
CC(C)C1CCCCC1	(1-Methylethyl)cyclohexan
CC(C)C1CC1	(1-Methylethyl)cyclopropan
CC(C)C1CCCC1	(1-Methylethyl)cyclopentan
CC(C)C1=CC=CC=N1	2-(1-Methylethyl)pyridin
CC(C)C1=CC=CN=C1	3-(1-Methylethyl)pyridin
CC(C)C1=CC=NC=C1	4-(1-Methylethyl)pyridin
CC(C)C1=CC=CO1	2-(1-Methylethyl)furan
CC(C)C1=CSC=C1	3-(1-Methylethyl)thiophen
CC(C)C1CCCO1	2-(1-Methylethyl)oxolan
CC(C)N1CCCCC1	1-(1-Methylethyl)piperidin
CC(C)C1CCCN1	2-(1-Methylethyl)pyrrolidin
CC(C)C1CCOCC1	4-(1-Methylethyl)oxan
CCCS	Propan-1-thiol
CCCN	Propan-1-amin
CCCF	1-Fluorpropan
CCCBr	1-Brompropan
CCCI	1-Iodpropan
CCC[N+](=O)[O-]	1-Nitropropan
CCCOC	1-Methoxypropan
CCCOCC	1-Ethoxypropan
CCCOC(C)C	1-(1-Methylethoxy)propan
CCCOC1=CC=CC=C1	Propoxybenzen
CCCSC	1-(Methylsulfanyl)propan
CCCSCC	1-(Ethylsulfanyl)propan
CCCNC	N-Methylpropan-1-amin
CCCNCC	N-Ethylpropan-1-amin
CCCN(C)C	N,N-Dimethylpropan-1-amin
CCCN(C)CC	N-Ethyl-N-methylpropan-1-amin
CCCNC(C)=O	N-Propylethanamid
CCCC(=O)O	Butansäure
CCCC=O	Butanal
CCCC#N	Butannitril
CCCC(N)=O	Butanamid
CCCC(=O)NC	N-Methylbutanamid
CCCC(=O)N(C)C	N,N-Dimethylbutanamid
CCCC(=O)OC	Butansäuremethylester
CCCC(=O)OCC	Butansäureethylester
CCCC(=O)OC(C)C	Butansäure(1-methylethyl)ester
CCCOC(C)=O	Ethansäurepropylester
CCCOC=O	Methansäurepropylester
CCCC(C)=O	Pentan-2-on
CCCCO	Butan-1-ol
CCCCCl	1-Chlorbutan
CCCC(F)(F)F	1,1,1-Trifluorbutan
CCCCC1=CC=CC=C1	Butylbenzen
CCCC1CCCCC1	Propylcyclohexan
CCCC1CC1	Propylcyclopropan
CCCC1CCCC1	Propylcyclopentan
CCCC1=CC=CC=N1	2-Propylpyridin
CCCC1=CC=CN=C1	3-Propylpyridin
CCCC1=CC=NC=C1	4-Propylpyridin
CCCC1=CC=CO1	2-Propylfuran
CCCC1=CSC=C1	3-Propylthiophen
CCCC1CCCO1	2-Propyloxolan
CCCN1CCCCC1	1-Propylpiperidin
CCCC1CCCN1	2-Propylpyrrolidin
CCCC1CCOCC1	4-Propyloxan
CC(C)(C)O	2-Methylpropan-2-ol
CC(C)(C)S	2-Methylpropan-2-thiol
CC(C)(C)N	2-Methylpropan-2-amin
CC(C)(C)F	2-Fluor-2-methylpropan
CC(C)(C)Cl	2-Chlor-2-methylpropan
CC(C)(C)Br	2-Brom-2-methylpropan
CC(C)(C)I	2-Iod-2-methylpropan
CC(C)(C)[N+](=O)[O-]	2-Methyl-2-nitropropan
COC(C)(C)C	2-Methoxy-2-methylpropan
CCOC(C)(C)C	2-Ethoxy-2-methylpropan
CC(C)OC(C)(C)C	2-Methyl-2-(1-methylethoxy)propan
CC(C)(C)OC1=CC=CC=C1	(1,1-Dimethylethoxy)benzen
CSC(C)(C)C	2-Methyl-2-(methylsulfanyl)propan
CCSC(C)(C)C	2-(Ethylsulfanyl)-2-methylpropan
CNC(C)(C)C	N,2-Dimethylpropan-2-amin
CCNC(C)(C)C	N-Ethyl-2-methylpropan-2-amin
CN(C)C(C)(C)C	N,N,2-Trimethylpropan-2-amin
CCN(C)C(C)(C)C	N-Ethyl-N,2-dimethylpropan-2-amin
CC(=O)NC(C)(C)C	N-(1,1-Dimethylethyl)ethanamid
CC(C)(C)C(=O)O	2,2-Dimethylpropansäure
CC(C)(C)C=O	2,2-Dimethylpropanal
CC(C)(C)C#N	2,2-Dimethylpropannitril
CC(C)(C)C(N)=O	2,2-Dimethylpropanamid
CNC(=O)C(C)(C)C	N,2,2-Trimethylpropanamid
CN(C)C(=O)C(C)(C)C	N,N,2,2-Tetramethylpropanamid
COC(=O)C(C)(C)C	2,2-Dimethylpropansäuremethylester
CCOC(=O)C(C)(C)C	2,2-Dimethylpropansäureethylester
CC(C)OC(=O)C(C)(C)C	2,2-Dimethylpropansäure(1-methylethyl)ester
CC(=O)OC(C)(C)C	Ethansäure(1,1-dimethylethyl)ester
CC(C)(C)OC=O	Methansäure(1,1-dimethylethyl)ester
CC(=O)C(C)(C)C	3,3-Dimethylbutan-2-on
CC(C)(C)CO	2,2-Dimethylpropan-1-ol
CC(C)(C)CCl	1-Chlor-2,2-dimethylpropan
CC(C)(C)C(F)(F)F	1,1,1-Trifluor-2,2-dimethylpropan
CC(C)(C)C1=CC=CC=C1	(1,1-Dimethylethyl)benzen
CC(C)(C)CC1=CC=CC=C1	(2,2-Dimethylpropyl)benzen
CC(C)(C)C1CCCCC1	(1,1-Dimethylethyl)cyclohexan
CC(C)(C)C1CC1	(1,1-Dimethylethyl)cyclopropan
CC(C)(C)C1CCCC1	(1,1-Dimethylethyl)cyclopentan
CC(C)(C)C1=CC=CC=N1	2-(1,1-Dimethylethyl)pyridin
CC(C)(C)C1=CC=CN=C1	3-(1,1-Dimethylethyl)pyridin
CC(C)(C)C1=CC=NC=C1	4-(1,1-Dimethylethyl)pyridin
CC(C)(C)C1=CC=CO1	2-(1,1-Dimethylethyl)furan
CC(C)(C)C1=CSC=C1	3-(1,1-Dimethylethyl)thiophen
CC(C)(C)C1CCCO1	2-(1,1-Dimethylethyl)oxolan
CC(C)(C)N1CCCCC1	1-(1,1-Dimethylethyl)piperidin
CC(C)(C)C1CCCN1	2-(1,1-Dimethylethyl)pyrrolidin
CC(C)(C)C1CCOCC1	4-(1,1-Dimethylethyl)oxan
CC(C)CS	2-Methylpropan-1-thiol
CC(C)CN	2-Methylpropan-1-amin
CC(C)CF	1-Fluor-2-methylpropan
CC(C)CBr	1-Brom-2-methylpropan
CC(C)CI	1-Iod-2-methylpropan
CC(C)C[N+](=O)[O-]	2-Methyl-1-nitropropan
COCC(C)C	1-Methoxy-2-methylpropan
CCOCC(C)C	1-Ethoxy-2-methylpropan
CC(C)COC(C)C	2-Methyl-1-(1-methylethoxy)propan
CC(C)COC1=CC=CC=C1	(2-Methylpropoxy)benzen
CSCC(C)C	2-Methyl-1-(methylsulfanyl)propan
CCSCC(C)C	1-(Ethylsulfanyl)-2-methylpropan
CNCC(C)C	N,2-Dimethylpropan-1-amin
CCNCC(C)C	N-Ethyl-2-methylpropan-1-amin
CC(C)CN(C)C	N,N,2-Trimethylpropan-1-amin
CCN(C)CC(C)C	N-Ethyl-N,2-dimethylpropan-1-amin
CC(=O)NCC(C)C	N-(2-Methylpropyl)ethanamid
CC(C)CC(=O)O	3-Methylbutansäure
CC(C)CC=O	3-Methylbutanal
CC(C)CC#N	3-Methylbutannitril
CC(C)CC(N)=O	3-Methylbutanamid
CNC(=O)CC(C)C	N,3-Dimethylbutanamid
CC(C)CC(=O)N(C)C	N,N,3-Trimethylbutanamid
COC(=O)CC(C)C	3-Methylbutansäuremethylester
CCOC(=O)CC(C)C	3-Methylbutansäureethylester
CC(C)CC(=O)OC(C)C	3-Methylbutansäure(1-methylethyl)ester
CC(=O)OCC(C)C	Ethansäure(2-methylpropyl)ester
CC(C)COC=O	Methansäure(2-methylpropyl)ester
CC(=O)CC(C)C	4-Methylpentan-2-on
CC(C)CCO	3-Methylbutan-1-ol
CC(C)CCCl	1-Chlor-3-methylbutan
CC(C)CC(F)(F)F	1,1,1-Trifluor-3-methylbutan
CC(C)CCC1=CC=CC=C1	(3-Methylbutyl)benzen
CC(C)CC1CCCCC1	(2-Methylpropyl)cyclohexan
CC(C)CC1CC1	(2-Methylpropyl)cyclopropan
CC(C)CC1CCCC1	(2-Methylpropyl)cyclopentan
CC(C)CC1=CC=CC=N1	2-(2-Methylpropyl)pyridin
CC(C)CC1=CC=CN=C1	3-(2-Methylpropyl)pyridin
CC(C)CC1=CC=NC=C1	4-(2-Methylpropyl)pyridin
CC(C)CC1=CC=CO1	2-(2-Methylpropyl)furan
CC(C)CC1=CSC=C1	3-(2-Methylpropyl)thiophen
CC(C)CC1CCCO1	2-(2-Methylpropyl)oxolan
CC(C)CN1CCCCC1	1-(2-Methylpropyl)piperidin
CC(C)CC1CCCN1	2-(2-Methylpropyl)pyrrolidin
CC(C)CC1CCOCC1	4-(2-Methylpropyl)oxan
C/C=C/CC(C)C	(E)-5-Methylhex-2-en
CCC(C)O	Butan-2-ol
CCC(C)S	Butan-2-thiol
CCC(C)N	Butan-2-amin
CCC(C)F	2-Fluorbutan
CCC(C)Cl	2-Chlorbutan
CCC(C)Br	2-Brombutan
CCC(C)I	2-Iodbutan
CCC(C)[N+](=O)[O-]	2-Nitrobutan
CCC(C)OC	2-Methoxybutan
CCOC(C)CC	2-Ethoxybutan
CCC(C)OC(C)C	2-(1-Methylethoxy)butan
CCC(C)OC1=CC=CC=C1	(1-Methylpropoxy)benzen
CCC(C)SC	2-(Methylsulfanyl)butan
CCSC(C)CC	2-(Ethylsulfanyl)butan
CCC(C)NC	N-Methylbutan-2-amin
CCNC(C)CC	N-Ethylbutan-2-amin
CCC(C)N(C)C	N,N-Dimethylbutan-2-amin
CCC(C)N(C)CC	N-Ethyl-N-methylbutan-2-amin
CCC(C)NC(C)=O	N-(1-Methylpropyl)ethanamid
CCC(C)C(=O)O	2-Methylbutansäure
CCC(C)C=O	2-Methylbutanal
CCC(C)C#N	2-Methylbutannitril
CCC(C)C(N)=O	2-Methylbutanamid
CCC(C)C(=O)NC	N,2-Dimethylbutanamid
CCC(C)C(=O)N(C)C	N,N,2-Trimethylbutanamid
CCC(C)C(=O)OC	2-Methylbutansäuremethylester
CCOC(=O)C(C)CC	2-Methylbutansäureethylester
CCC(C)C(=O)OC(C)C	2-Methylbutansäure(1-methylethyl)ester
CCC(C)OC(C)=O	Ethansäure(1-methylpropyl)ester
CCC(C)OC=O	Methansäure(1-methylpropyl)ester
CCC(C)C(C)=O	3-Methylpentan-2-on
C/C=C/C(C)CC	(E)-4-Methylhex-2-en
CCC(C)CO	2-Methylbutan-1-ol
CCC(C)CCl	1-Chlor-2-methylbutan
CCC(C)C(F)(F)F	1,1,1-Trifluor-2-methylbutan
CCC(C)C1=CC=CC=C1	(1-Methylpropyl)benzen
CCC(C)CC1=CC=CC=C1	(2-Methylbutyl)benzen
CCC(C)C1CCCCC1	(1-Methylpropyl)cyclohexan
CCC(C)C1CC1	(1-Methylpropyl)cyclopropan
CCC(C)C1CCCC1	(1-Methylpropyl)cyclopentan
CCC(C)C1=CC=CC=N1	2-(1-Methylpropyl)pyridin
CCC(C)C1=CC=CN=C1	3-(1-Methylpropyl)pyridin
CCC(C)C1=CC=NC=C1	4-(1-Methylpropyl)pyridin
CCC(C)C1=CC=CO1	2-(1-Methylpropyl)furan
CCC(C)C1=CSC=C1	3-(1-Methylpropyl)thiophen
CCC(C)C1CCCO1	2-(1-Methylpropyl)oxolan
CCC(C)N1CCCCC1	1-(1-Methylpropyl)piperidin
CCC(C)C1CCCN1	2-(1-Methylpropyl)pyrrolidin
CCC(C)C1CCOCC1	4-(1-Methylpropyl)oxan
CCCCS	Butan-1-thiol
CCCCN	Butan-1-amin
CCCCF	1-Fluorbutan
CCCCBr	1-Brombutan
CCCCI	1-Iodbutan
CCCC[N+](=O)[O-]	1-Nitrobutan
CCCCOC	1-Methoxybutan
CCCCOCC	1-Ethoxybutan
CCCCOC(C)C	1-(1-Methylethoxy)butan
CCCCOC1=CC=CC=C1	Butoxybenzen
CCCCSC	1-(Methylsulfanyl)butan
CCCCSCC	1-(Ethylsulfanyl)butan
CCCCNC	N-Methylbutan-1-amin
CCCCNCC	N-Ethylbutan-1-amin
CCCCN(C)C	N,N-Dimethylbutan-1-amin
CCCCN(C)CC	N-Ethyl-N-methylbutan-1-amin
CCCCNC(C)=O	N-Butylethanamid
CCCCC(=O)O	Pentansäure
CCCCC=O	Pentanal
CCCCC#N	Pentannitril
CCCCC(N)=O	Pentanamid
CCCCC(=O)NC	N-Methylpentanamid
CCCCC(=O)N(C)C	N,N-Dimethylpentanamid
CCCCC(=O)OC	Pentansäuremethylester
CCCCC(=O)OCC	Pentansäureethylester
CCCCC(=O)OC(C)C	Pentansäure(1-methylethyl)ester
CCCCOC(C)=O	Ethansäurebutylester
CCCCOC=O	Methansäurebutylester
CCCCC(C)=O	Hexan-2-on
CCCCCO	Pentan-1-ol
CCCCCCl	1-Chlorpentan
CCCCC(F)(F)F	1,1,1-Trifluorpentan
CCCCCC1=CC=CC=C1	Pentylbenzen
CCCCC1CCCCC1	Butylcyclohexan
CCCCC1CC1	Butylcyclopropan
CCCCC1CCCC1	Butylcyclopentan
CCCCC1=CC=CC=N1	2-Butylpyridin
CCCCC1=CC=CN=C1	3-Butylpyridin
CCCCC1=CC=NC=C1	4-Butylpyridin
CCCCC1=CC=CO1	2-Butylfuran
CCCCC1=CSC=C1	3-Butylthiophen
CCCCC1CCCO1	2-Butyloxolan
CCCCN1CCCCC1	1-Butylpiperidin
CCCCC1CCCN1	2-Butylpyrrolidin
CCCCC1CCOCC1	4-Butyloxan
CC(C)(C)CS	2,2-Dimethylpropan-1-thiol
CC(C)(C)CN	2,2-Dimethylpropan-1-amin
CC(C)(C)CF	1-Fluor-2,2-dimethylpropan
CC(C)(C)CBr	1-Brom-2,2-dimethylpropan
CC(C)(C)CI	1-Iod-2,2-dimethylpropan
CC(C)(C)C[N+](=O)[O-]	2,2-Dimethyl-1-nitropropan
COCC(C)(C)C	1-Methoxy-2,2-dimethylpropan
CCOCC(C)(C)C	1-Ethoxy-2,2-dimethylpropan
CC(C)OCC(C)(C)C	2,2-Dimethyl-1-(1-methylethoxy)propan
CC(C)(C)COC1=CC=CC=C1	(2,2-Dimethylpropoxy)benzen
CSCC(C)(C)C	2,2-Dimethyl-1-(methylsulfanyl)propan
CCSCC(C)(C)C	1-(Ethylsulfanyl)-2,2-dimethylpropan
CNCC(C)(C)C	N,2,2-Trimethylpropan-1-amin
CCNCC(C)(C)C	N-Ethyl-2,2-dimethylpropan-1-amin
CN(C)CC(C)(C)C	N,N,2,2-Tetramethylpropan-1-amin
CCN(C)CC(C)(C)C	N-Ethyl-N,2,2-trimethylpropan-1-amin
CC(=O)NCC(C)(C)C	N-(2,2-Dimethylpropyl)ethanamid
CC(C)(C)CC(=O)O	3,3-Dimethylbutansäure
CC(C)(C)CC=O	3,3-Dimethylbutanal
CC(C)(C)CC#N	3,3-Dimethylbutannitril
CC(C)(C)CC(N)=O	3,3-Dimethylbutanamid
CNC(=O)CC(C)(C)C	N,3,3-Trimethylbutanamid
CN(C)C(=O)CC(C)(C)C	N,N,3,3-Tetramethylbutanamid
COC(=O)CC(C)(C)C	3,3-Dimethylbutansäuremethylester
CCOC(=O)CC(C)(C)C	3,3-Dimethylbutansäureethylester
CC(C)OC(=O)CC(C)(C)C	3,3-Dimethylbutansäure(1-methylethyl)ester
CC(=O)OCC(C)(C)C	Ethansäure(2,2-dimethylpropyl)ester
CC(C)(C)COC=O	Methansäure(2,2-dimethylpropyl)ester
CC(=O)CC(C)(C)C	4,4-Dimethylpentan-2-on
C=CCCC(C)(C)C	5,5-Dimethylhex-1-en
C/C=C/CC(C)(C)C	(E)-5,5-Dimethylhex-2-en
CC(C)(C)CCO	3,3-Dimethylbutan-1-ol
CC(C)(C)CCCl	1-Chlor-3,3-dimethylbutan
CC(C)(C)CC(F)(F)F	1,1,1-Trifluor-3,3-dimethylbutan
CC(C)(C)CCC1=CC=CC=C1	(3,3-Dimethylbutyl)benzen
CC(C)(C)CC1CCCCC1	(2,2-Dimethylpropyl)cyclohexan
CC(C)(C)CC1CC1	(2,2-Dimethylpropyl)cyclopropan
CC(C)(C)CC1CCCC1	(2,2-Dimethylpropyl)cyclopentan
CC(C)(C)CC1=CC=CC=N1	2-(2,2-Dimethylpropyl)pyridin
CC(C)(C)CC1=CC=CN=C1	3-(2,2-Dimethylpropyl)pyridin
CC(C)(C)CC1=CC=NC=C1	4-(2,2-Dimethylpropyl)pyridin
CC(C)(C)CC1=CC=CO1	2-(2,2-Dimethylpropyl)furan
CC(C)(C)CC1=CSC=C1	3-(2,2-Dimethylpropyl)thiophen
CC(C)(C)CC1CCCO1	2-(2,2-Dimethylpropyl)oxolan
CC(C)(C)CN1CCCCC1	1-(2,2-Dimethylpropyl)piperidin
CC(C)(C)CC1CCCN1	2-(2,2-Dimethylpropyl)pyrrolidin
CC(C)(C)CC1CCOCC1	4-(2,2-Dimethylpropyl)oxan
C/C=C\C(C)(C)C	(Z)-4,4-Dimethylpent-2-en
CCC(C)(C)O	2-Methylbutan-2-ol
CCC(C)(C)S	2-Methylbutan-2-thiol
CCC(C)(C)N	2-Methylbutan-2-amin
CCC(C)(C)F	2-Fluor-2-methylbutan
CCC(C)(C)Cl	2-Chlor-2-methylbutan
CCC(C)(C)Br	2-Brom-2-methylbutan
CCC(C)(C)I	2-Iod-2-methylbutan
CCC(C)(C)[N+](=O)[O-]	2-Methyl-2-nitrobutan
CCC(C)(C)OC	2-Methoxy-2-methylbutan
CCOC(C)(C)CC	2-Ethoxy-2-methylbutan
CCC(C)(C)OC(C)C	2-Methyl-2-(1-methylethoxy)butan
CCC(C)(C)OC1=CC=CC=C1	(1,1-Dimethylpropoxy)benzen
CCC(C)(C)SC	2-Methyl-2-(methylsulfanyl)butan
CCSC(C)(C)CC	2-(Ethylsulfanyl)-2-methylbutan
CCC(C)(C)NC	N,2-Dimethylbutan-2-amin
CCNC(C)(C)CC	N-Ethyl-2-methylbutan-2-amin
CCC(C)(C)N(C)C	N,N,2-Trimethylbutan-2-amin
CCN(C)C(C)(C)CC	N-Ethyl-N,2-dimethylbutan-2-amin
CCC(C)(C)NC(C)=O	N-(1,1-Dimethylpropyl)ethanamid
CCC(C)(C)C(=O)O	2,2-Dimethylbutansäure
CCC(C)(C)C=O	2,2-Dimethylbutanal
CCC(C)(C)C#N	2,2-Dimethylbutannitril
CCC(C)(C)C(N)=O	2,2-Dimethylbutanamid
CCC(C)(C)C(=O)NC	N,2,2-Trimethylbutanamid
CCC(C)(C)C(=O)N(C)C	N,N,2,2-Tetramethylbutanamid
CCC(C)(C)C(=O)OC	2,2-Dimethylbutansäuremethylester
CCOC(=O)C(C)(C)CC	2,2-Dimethylbutansäureethylester
CCC(C)(C)C(=O)OC(C)C	2,2-Dimethylbutansäure(1-methylethyl)ester
CCC(C)(C)OC(C)=O	Ethansäure(1,1-dimethylpropyl)ester
CCC(C)(C)OC=O	Methansäure(1,1-dimethylpropyl)ester
CCC(C)(C)C(C)=O	3,3-Dimethylpentan-2-on
CCC(C)(C)CO	2,2-Dimethylbutan-1-ol
CCC(C)(C)CCl	1-Chlor-2,2-dimethylbutan
CCC(C)(C)C(F)(F)F	1,1,1-Trifluor-2,2-dimethylbutan
CCC(C)(C)C1=CC=CC=C1	(1,1-Dimethylpropyl)benzen
CCC(C)(C)CC1=CC=CC=C1	(2,2-Dimethylbutyl)benzen
CCC(C)(C)C1CCCCC1	(1,1-Dimethylpropyl)cyclohexan
CCC(C)(C)C1CC1	(1,1-Dimethylpropyl)cyclopropan
CCC(C)(C)C1CCCC1	(1,1-Dimethylpropyl)cyclopentan
CCC(C)(C)C1=CC=CC=N1	2-(1,1-Dimethylpropyl)pyridin
CCC(C)(C)C1=CC=CN=C1	3-(1,1-Dimethylpropyl)pyridin
CCC(C)(C)C1=CC=NC=C1	4-(1,1-Dimethylpropyl)pyridin
CCC(C)(C)C1=CC=CO1	2-(1,1-Dimethylpropyl)furan
CCC(C)(C)C1=CSC=C1	3-(1,1-Dimethylpropyl)thiophen
CCC(C)(C)C1CCCO1	2-(1,1-Dimethylpropyl)oxolan
CCC(C)(C)N1CCCCC1	1-(1,1-Dimethylpropyl)piperidin
CCC(C)(C)C1CCCN1	2-(1,1-Dimethylpropyl)pyrrolidin
CCC(C)(C)C1CCOCC1	4-(1,1-Dimethylpropyl)oxan
CC(C)C(C)O	3-Methylbutan-2-ol
CC(C)C(C)S	3-Methylbutan-2-thiol
CC(C)C(C)N	3-Methylbutan-2-amin
CC(C)C(C)F	2-Fluor-3-methylbutan
CC(C)C(C)Cl	2-Chlor-3-methylbutan
CC(C)C(C)Br	2-Brom-3-methylbutan
CC(C)C(C)I	2-Iod-3-methylbutan
CC(C)C(C)[N+](=O)[O-]	2-Methyl-3-nitrobutan
COC(C)C(C)C	2-Methoxy-3-methylbutan
CCOC(C)C(C)C	2-Ethoxy-3-methylbutan
CC(C)OC(C)C(C)C	2-Methyl-3-(1-methylethoxy)butan
CC(C)C(C)OC1=CC=CC=C1	(1,2-Dimethylpropoxy)benzen
CSC(C)C(C)C	2-Methyl-3-(methylsulfanyl)butan
CCSC(C)C(C)C	2-(Ethylsulfanyl)-3-methylbutan
CNC(C)C(C)C	N,3-Dimethylbutan-2-amin
CCNC(C)C(C)C	N-Ethyl-3-methylbutan-2-amin
CC(C)C(C)N(C)C	N,N,3-Trimethylbutan-2-amin
CCN(C)C(C)C(C)C	N-Ethyl-N,3-dimethylbutan-2-amin
CC(=O)NC(C)C(C)C	N-(1,2-Dimethylpropyl)ethanamid
CC(C)C(C)C(=O)O	2,3-Dimethylbutansäure
CC(C)C(C)C=O	2,3-Dimethylbutanal
CC(C)C(C)C#N	2,3-Dimethylbutannitril
CC(C)C(C)C(N)=O	2,3-Dimethylbutanamid
CNC(=O)C(C)C(C)C	N,2,3-Trimethylbutanamid
CC(C)C(C)C(=O)N(C)C	N,N,2,3-Tetramethylbutanamid
COC(=O)C(C)C(C)C	2,3-Dimethylbutansäuremethylester
CCOC(=O)C(C)C(C)C	2,3-Dimethylbutansäureethylester
CC(C)OC(=O)C(C)C(C)C	2,3-Dimethylbutansäure(1-methylethyl)ester
CC(=O)OC(C)C(C)C	Ethansäure(1,2-dimethylpropyl)ester
CC(C)C(C)OC=O	Methansäure(1,2-dimethylpropyl)ester
CC(=O)C(C)C(C)C	3,4-Dimethylpentan-2-on
C/C=C/C(C)C(C)C	(E)-4,5-Dimethylhex-2-en
CC(C)C(C)CO	2,3-Dimethylbutan-1-ol
CC(C)C(C)CCl	1-Chlor-2,3-dimethylbutan
CC(C)C(C)C(F)(F)F	1,1,1-Trifluor-2,3-dimethylbutan
CC(C)C(C)C1=CC=CC=C1	(1,2-Dimethylpropyl)benzen
CC(C)C(C)CC1=CC=CC=C1	(2,3-Dimethylbutyl)benzen
CC(C)C(C)C1CCCCC1	(1,2-Dimethylpropyl)cyclohexan
CC(C)C(C)C1CC1	(1,2-Dimethylpropyl)cyclopropan
CC(C)C(C)C1CCCC1	(1,2-Dimethylpropyl)cyclopentan
CC(C)C(C)C1=CC=CC=N1	2-(1,2-Dimethylpropyl)pyridin
CC(C)C(C)C1=CC=CN=C1	3-(1,2-Dimethylpropyl)pyridin
CC(C)C(C)C1=CC=NC=C1	4-(1,2-Dimethylpropyl)pyridin
CC(C)C(C)C1=CC=CO1	2-(1,2-Dimethylpropyl)furan
CC(C)C(C)C1=CSC=C1	3-(1,2-Dimethylpropyl)thiophen
CC(C)C(C)C1CCCO1	2-(1,2-Dimethylpropyl)oxolan
CC(C)C(C)N1CCCCC1	1-(1,2-Dimethylpropyl)piperidin
CC(C)C(C)C1CCCN1	2-(1,2-Dimethylpropyl)pyrrolidin
CC(C)C(C)C1CCOCC1	4-(1,2-Dimethylpropyl)oxan
CCC(C)CS	2-Methylbutan-1-thiol
CCC(C)CN	2-Methylbutan-1-amin
CCC(C)CF	1-Fluor-2-methylbutan
CCC(C)CBr	1-Brom-2-methylbutan
CCC(C)CI	1-Iod-2-methylbutan
CCC(C)C[N+](=O)[O-]	2-Methyl-1-nitrobutan
CCC(C)COC	1-Methoxy-2-methylbutan
CCOCC(C)CC	1-Ethoxy-2-methylbutan
CCC(C)COC(C)C	2-Methyl-1-(1-methylethoxy)butan
CCC(C)COC1=CC=CC=C1	(2-Methylbutoxy)benzen
CCC(C)CSC	2-Methyl-1-(methylsulfanyl)butan
CCSCC(C)CC	1-(Ethylsulfanyl)-2-methylbutan
CCC(C)CNC	N,2-Dimethylbutan-1-amin
CCNCC(C)CC	N-Ethyl-2-methylbutan-1-amin
CCC(C)CN(C)C	N,N,2-Trimethylbutan-1-amin
CCC(C)CN(C)CC	N-Ethyl-N,2-dimethylbutan-1-amin
CCC(C)CNC(C)=O	N-(2-Methylbutyl)ethanamid
CCC(C)CC(=O)O	3-Methylpentansäure
CCC(C)CC=O	3-Methylpentanal
CCC(C)CC#N	3-Methylpentannitril
CCC(C)CC(N)=O	3-Methylpentanamid
CCC(C)CC(=O)NC	N,3-Dimethylpentanamid
CCC(C)CC(=O)N(C)C	N,N,3-Trimethylpentanamid
CCC(C)CC(=O)OC	3-Methylpentansäuremethylester
CCOC(=O)CC(C)CC	3-Methylpentansäureethylester
CCC(C)CC(=O)OC(C)C	3-Methylpentansäure(1-methylethyl)ester
CCC(C)COC(C)=O	Ethansäure(2-methylbutyl)ester
CCC(C)COC=O	Methansäure(2-methylbutyl)ester
CCC(C)CC(C)=O	4-Methylhexan-2-on
CCC(C)CCO	3-Methylpentan-1-ol
CCC(C)CCCl	1-Chlor-3-methylpentan
CCC(C)CC(F)(F)F	1,1,1-Trifluor-3-methylpentan
CCC(C)CCC1=CC=CC=C1	(3-Methylpentyl)benzen
CCC(C)CC1CCCCC1	(2-Methylbutyl)cyclohexan
CCC(C)CC1CC1	(2-Methylbutyl)cyclopropan
CCC(C)CC1CCCC1	(2-Methylbutyl)cyclopentan
CCC(C)CC1=CC=CC=N1	2-(2-Methylbutyl)pyridin
CCC(C)CC1=CC=CN=C1	3-(2-Methylbutyl)pyridin
CCC(C)CC1=CC=NC=C1	4-(2-Methylbutyl)pyridin
CCC(C)CC1=CC=CO1	2-(2-Methylbutyl)furan
CCC(C)CC1=CSC=C1	3-(2-Methylbutyl)thiophen
CCC(C)CC1CCCO1	2-(2-Methylbutyl)oxolan
CCC(C)CN1CCCCC1	1-(2-Methylbutyl)piperidin
CCC(C)CC1CCCN1	2-(2-Methylbutyl)pyrrolidin
CCC(C)CC1CCOCC1	4-(2-Methylbutyl)oxan
CC(C)CCS	3-Methylbutan-1-thiol
CC(C)CCN	3-Methylbutan-1-amin
CC(C)CCF	1-Fluor-3-methylbutan
CC(C)CCBr	1-Brom-3-methylbutan
CC(C)CCI	1-Iod-3-methylbutan
CC(C)CC[N+](=O)[O-]	3-Methyl-1-nitrobutan
COCCC(C)C	1-Methoxy-3-methylbutan
CCOCCC(C)C	1-Ethoxy-3-methylbutan
CC(C)CCOC(C)C	3-Methyl-1-(1-methylethoxy)butan
CC(C)CCOC1=CC=CC=C1	(3-Methylbutoxy)benzen
CSCCC(C)C	3-Methyl-1-(methylsulfanyl)butan
CCSCCC(C)C	1-(Ethylsulfanyl)-3-methylbutan
CNCCC(C)C	N,3-Dimethylbutan-1-amin
CCNCCC(C)C	N-Ethyl-3-methylbutan-1-amin
CC(C)CCN(C)C	N,N,3-Trimethylbutan-1-amin
CCN(C)CCC(C)C	N-Ethyl-N,3-dimethylbutan-1-amin
CC(=O)NCCC(C)C	N-(3-Methylbutyl)ethanamid
CC(C)CCC(=O)O	4-Methylpentansäure
CC(C)CCC=O	4-Methylpentanal
CC(C)CCC#N	4-Methylpentannitril
CC(C)CCC(N)=O	4-Methylpentanamid
CNC(=O)CCC(C)C	N,4-Dimethylpentanamid
CC(C)CCC(=O)N(C)C	N,N,4-Trimethylpentanamid
COC(=O)CCC(C)C	4-Methylpentansäuremethylester
CCOC(=O)CCC(C)C	4-Methylpentansäureethylester
CC(C)CCC(=O)OC(C)C	4-Methylpentansäure(1-methylethyl)ester
CC(=O)OCCC(C)C	Ethansäure(3-methylbutyl)ester
CC(C)CCOC=O	Methansäure(3-methylbutyl)ester
CC(=O)CCC(C)C	5-Methylhexan-2-on
C=CCCCC(C)C	6-Methylhept-1-en
C/C=C/CCC(C)C	(E)-6-Methylhept-2-en
CC(C)CCCO	4-Methylpentan-1-ol
CC(C)CCCCl	1-Chlor-4-methylpentan
CC(C)CCC(F)(F)F	1,1,1-Trifluor-4-methylpentan
CC(C)CCCC1=CC=CC=C1	(4-Methylpentyl)benzen
CC(C)CCC1CCCCC1	(3-Methylbutyl)cyclohexan
CC(C)CCC1CC1	(3-Methylbutyl)cyclopropan
CC(C)CCC1CCCC1	(3-Methylbutyl)cyclopentan
CC(C)CCC1=CC=CC=N1	2-(3-Methylbutyl)pyridin
CC(C)CCC1=CC=CN=C1	3-(3-Methylbutyl)pyridin
CC(C)CCC1=CC=NC=C1	4-(3-Methylbutyl)pyridin
CC(C)CCC1=CC=CO1	2-(3-Methylbutyl)furan
CC(C)CCC1=CSC=C1	3-(3-Methylbutyl)thiophen
CC(C)CCC1CCCO1	2-(3-Methylbutyl)oxolan
CC(C)CCN1CCCCC1	1-(3-Methylbutyl)piperidin
CC(C)CCC1CCCN1	2-(3-Methylbutyl)pyrrolidin
CC(C)CCC1CCOCC1	4-(3-Methylbutyl)oxan
CCC(O)CC	Pentan-3-ol
CCC(S)CC	Pentan-3-thiol
CCC(N)CC	Pentan-3-amin
CCC(F)CC	3-Fluorpentan
CCC(Cl)CC	3-Chlorpentan
CCC(Br)CC	3-Brompentan
CCC(I)CC	3-Iodpentan
CCC(CC)[N+](=O)[O-]	3-Nitropentan
CCC(CC)OC	3-Methoxypentan
CCOC(CC)CC	3-Ethoxypentan
CCC(CC)OC(C)C	3-(1-Methylethoxy)pentan
CCC(CC)OC1=CC=CC=C1	(1-Ethylpropoxy)benzen
CCC(CC)SC	3-(Methylsulfanyl)pentan
CCSC(CC)CC	3-(Ethylsulfanyl)pentan
CCC(CC)NC	N-Methylpentan-3-amin
CCNC(CC)CC	N-Ethylpentan-3-amin
CCC(CC)N(C)C	N,N-Dimethylpentan-3-amin
CCC(CC)N(C)CC	N-Ethyl-N-methylpentan-3-amin
CCC(CC)NC(C)=O	N-(1-Ethylpropyl)ethanamid
CCC(=O)CC	Pentan-3-on
CCC(CC)C(=O)O	2-Ethylbutansäure
CCC(C=O)CC	2-Ethylbutanal
CCC(C#N)CC	2-Ethylbutannitril
CCC(CC)C(N)=O	2-Ethylbutanamid
CCC(CC)C(=O)NC	2-Ethyl-N-methylbutanamid
CCC(CC)C(=O)N(C)C	2-Ethyl-N,N-dimethylbutanamid
CCC(CC)C(=O)OC	2-Ethylbutansäuremethylester
CCOC(=O)C(CC)CC	2-Ethylbutansäureethylester
CCC(CC)C(=O)OC(C)C	2-Ethylbutansäure(1-methylethyl)ester
CCC(CC)OC(C)=O	Ethansäure(1-ethylpropyl)ester
CCC(CC)OC=O	Methansäure(1-ethylpropyl)ester
CCC(CC)C(C)=O	3-Ethylpentan-2-on
C=CCC(CC)CC	4-Ethylhex-1-en
C/C=C/C(CC)CC	(E)-4-Ethylhex-2-en
CCC(CC)CO	2-Ethylbutan-1-ol
CCC(CC)CCl	3-(Chlormethyl)pentan
CCC(CC)C(F)(F)F	3-(Trifluormethyl)pentan
CCC(CC)C1=CC=CC=C1	(1-Ethylpropyl)benzen
CCC(CC)CC1=CC=CC=C1	(2-Ethylbutyl)benzen
CCC(CC)C1CCCCC1	(1-Ethylpropyl)cyclohexan
CCC(CC)C1CC1	(1-Ethylpropyl)cyclopropan
CCC(CC)C1CCCC1	(1-Ethylpropyl)cyclopentan
CCC(CC)C1=CC=CC=N1	2-(1-Ethylpropyl)pyridin
CCC(CC)C1=CC=CN=C1	3-(1-Ethylpropyl)pyridin
CCC(CC)C1=CC=NC=C1	4-(1-Ethylpropyl)pyridin
CCC(CC)C1=CC=CO1	2-(1-Ethylpropyl)furan
CCC(CC)C1=CSC=C1	3-(1-Ethylpropyl)thiophen
CCC(CC)C1CCCO1	2-(1-Ethylpropyl)oxolan
CCC(CC)N1CCCCC1	1-(1-Ethylpropyl)piperidin
CCC(CC)C1CCCN1	2-(1-Ethylpropyl)pyrrolidin
CCC(CC)C1CCOCC1	4-(1-Ethylpropyl)oxan
CCCC(C)O	Pentan-2-ol
CCCC(C)S	Pentan-2-thiol
CCCC(C)N	Pentan-2-amin
CCCC(C)F	2-Fluorpentan
CCCC(C)Cl	2-Chlorpentan
CCCC(C)Br	2-Brompentan
CCCC(C)I	2-Iodpentan
CCCC(C)[N+](=O)[O-]	2-Nitropentan
CCCC(C)OC	2-Methoxypentan
CCCC(C)OCC	2-Ethoxypentan
CCCC(C)OC(C)C	2-(1-Methylethoxy)pentan
CCCC(C)OC1=CC=CC=C1	(1-Methylbutoxy)benzen
CCCC(C)SC	2-(Methylsulfanyl)pentan
CCCC(C)SCC	2-(Ethylsulfanyl)pentan
CCCC(C)NC	N-Methylpentan-2-amin
CCCC(C)NCC	N-Ethylpentan-2-amin
CCCC(C)N(C)C	N,N-Dimethylpentan-2-amin
CCCC(C)N(C)CC	N-Ethyl-N-methylpentan-2-amin
CCCC(C)NC(C)=O	N-(1-Methylbutyl)ethanamid
CCCC(C)C(=O)O	2-Methylpentansäure
CCCC(C)C=O	2-Methylpentanal
CCCC(C)C#N	2-Methylpentannitril
CCCC(C)C(N)=O	2-Methylpentanamid
CCCC(C)C(=O)NC	N,2-Dimethylpentanamid
CCCC(C)C(=O)N(C)C	N,N,2-Trimethylpentanamid
CCCC(C)C(=O)OC	2-Methylpentansäuremethylester
CCCC(C)C(=O)OCC	2-Methylpentansäureethylester
CCCC(C)C(=O)OC(C)C	2-Methylpentansäure(1-methylethyl)ester
CCCC(C)OC(C)=O	Ethansäure(1-methylbutyl)ester
CCCC(C)OC=O	Methansäure(1-methylbutyl)ester
CCCC(C)C(C)=O	3-Methylhexan-2-on
C=CCC(C)CCC	4-Methylhept-1-en
C=C(C)C(C)CCC	2,3-Dimethylhex-1-en
CCCC(C)CO	2-Methylpentan-1-ol
CCCC(C)CCl	1-Chlor-2-methylpentan
CCCC(C)C(F)(F)F	1,1,1-Trifluor-2-methylpentan
CCCC(C)C1=CC=CC=C1	(1-Methylbutyl)benzen
CCCC(C)CC1=CC=CC=C1	(2-Methylpentyl)benzen
CCCC(C)C1CCCCC1	(1-Methylbutyl)cyclohexan
CCCC(C)C1CC1	(1-Methylbutyl)cyclopropan
CCCC(C)C1CCCC1	(1-Methylbutyl)cyclopentan
CCCC(C)C1=CC=CC=N1	2-(1-Methylbutyl)pyridin
CCCC(C)C1=CC=CN=C1	3-(1-Methylbutyl)pyridin
CCCC(C)C1=CC=NC=C1	4-(1-Methylbutyl)pyridin
CCCC(C)C1=CC=CO1	2-(1-Methylbutyl)furan
CCCC(C)C1=CSC=C1	3-(1-Methylbutyl)thiophen
CCCC(C)C1CCCO1	2-(1-Methylbutyl)oxolan
CCCC(C)N1CCCCC1	1-(1-Methylbutyl)piperidin
CCCC(C)C1CCCN1	2-(1-Methylbutyl)pyrrolidin
CCCC(C)C1CCOCC1	4-(1-Methylbutyl)oxan
CCCCCS	Pentan-1-thiol
CCCCCN	Pentan-1-amin
CCCCCF	1-Fluorpentan
CCCCCBr	1-Brompentan
CCCCCI	1-Iodpentan
CCCCC[N+](=O)[O-]	1-Nitropentan
CCCCCOC	1-Methoxypentan
CCCCCOCC	1-Ethoxypentan
CCCCCOC(C)C	1-(1-Methylethoxy)pentan
CCCCCOC1=CC=CC=C1	(Pentyloxy)benzen
CCCCCSC	1-(Methylsulfanyl)pentan
CCCCCSCC	1-(Ethylsulfanyl)pentan
CCCCCNC	N-Methylpentan-1-amin
CCCCCNCC	N-Ethylpentan-1-amin
CCCCCN(C)C	N,N-Dimethylpentan-1-amin
CCCCCN(C)CC	N-Ethyl-N-methylpentan-1-amin
CCCCCNC(C)=O	N-Pentylethanamid
CCCCCC(=O)O	Hexansäure
CCCCCC=O	Hexanal
CCCCCC#N	Hexannitril
CCCCCC(N)=O	Hexanamid
CCCCCC(=O)NC	N-Methylhexanamid
CCCCCC(=O)N(C)C	N,N-Dimethylhexanamid
CCCCCC(=O)OC	Hexansäuremethylester
CCCCCC(=O)OCC	Hexansäureethylester
CCCCCC(=O)OC(C)C	Hexansäure(1-methylethyl)ester
CCCCCOC(C)=O	Ethansäurepentylester
CCCCCOC=O	Methansäurepentylester
CCCCCC(C)=O	Heptan-2-on
C=CCCCCCC	Oct-1-en
C/C=C/CCCCC	(E)-Oct-2-en
CCCCCCO	Hexan-1-ol
CCCCCCCl	1-Chlorhexan
CCCCCC(F)(F)F	1,1,1-Trifluorhexan
CCCCCCC1=CC=CC=C1	Hexylbenzen
CCCCCC1CCCCC1	Pentylcyclohexan
CCCCCC1CC1	Pentylcyclopropan
CCCCCC1CCCC1	Pentylcyclopentan
CCCCCC1=CC=CC=N1	2-Pentylpyridin
CCCCCC1=CC=CN=C1	3-Pentylpyridin
CCCCCC1=CC=NC=C1	4-Pentylpyridin
CCCCCC1=CC=CO1	2-Pentylfuran
CCCCCC1=CSC=C1	3-Pentylthiophen
CCCCCC1CCCO1	2-Pentyloxolan
CCCCCN1CCCCC1	1-Pentylpiperidin
CCCCCC1CCCN1	2-Pentylpyrrolidin
CCCCCC1CCOCC1	4-Pentyloxan
CC(O)C(C)(C)C	3,3-Dimethylbutan-2-ol
CC(S)C(C)(C)C	3,3-Dimethylbutan-2-thiol
CC(N)C(C)(C)C	3,3-Dimethylbutan-2-amin
CC(F)C(C)(C)C	3-Fluor-2,2-dimethylbutan
CC(Cl)C(C)(C)C	3-Chlor-2,2-dimethylbutan
CC(Br)C(C)(C)C	3-Brom-2,2-dimethylbutan
CC(I)C(C)(C)C	3-Iod-2,2-dimethylbutan
CC([N+](=O)[O-])C(C)(C)C	2,2-Dimethyl-3-nitrobutan
COC(C)C(C)(C)C	3-Methoxy-2,2-dimethylbutan
CCOC(C)C(C)(C)C	3-Ethoxy-2,2-dimethylbutan
CC(C)OC(C)C(C)(C)C	2,2-Dimethyl-3-(1-methylethoxy)butan
CC(OC1=CC=CC=C1)C(C)(C)C	(1,2,2-Trimethylpropoxy)benzen
CSC(C)C(C)(C)C	2,2-Dimethyl-3-(methylsulfanyl)butan
CCSC(C)C(C)(C)C	3-(Ethylsulfanyl)-2,2-dimethylbutan
CNC(C)C(C)(C)C	N,3,3-Trimethylbutan-2-amin
CCNC(C)C(C)(C)C	N-Ethyl-3,3-dimethylbutan-2-amin
CC(N(C)C)C(C)(C)C	N,N,3,3-Tetramethylbutan-2-amin
CCN(C)C(C)C(C)(C)C	N-Ethyl-N,3,3-trimethylbutan-2-amin
CC(=O)NC(C)C(C)(C)C	N-(1,2,2-Trimethylpropyl)ethanamid
C/C=C(/C)C(C)(C)C	(Z)-3,4,4-Trimethylpent-2-en
CC(C(=O)O)C(C)(C)C	2,3,3-Trimethylbutansäure
CC(C=O)C(C)(C)C	2,3,3-Trimethylbutanal
CC(C#N)C(C)(C)C	2,3,3-Trimethylbutannitril
CC(C(N)=O)C(C)(C)C	2,3,3-Trimethylbutanamid
CNC(=O)C(C)C(C)(C)C	N,2,3,3-Tetramethylbutanamid
CC(C(=O)N(C)C)C(C)(C)C	N,N,2,3,3-Pentamethylbutanamid
COC(=O)C(C)C(C)(C)C	2,3,3-Trimethylbutansäuremethylester
CCOC(=O)C(C)C(C)(C)C	2,3,3-Trimethylbutansäureethylester
CC(C)OC(=O)C(C)C(C)(C)C	2,3,3-Trimethylbutansäure(1-methylethyl)ester
CC(=O)OC(C)C(C)(C)C	Ethansäure(1,2,2-trimethylpropyl)ester
CC(OC=O)C(C)(C)C	Methansäure(1,2,2-trimethylpropyl)ester
CC(=O)C(C)C(C)(C)C	3,4,4-Trimethylpentan-2-on
C#CC(C)C(C)(C)C	3,4,4-Trimethylpent-1-in
C=CCC(C)C(C)(C)C	4,5,5-Trimethylhex-1-en
C/C=C\C(C)C(C)(C)C	(Z)-4,5,5-Trimethylhex-2-en
C=C(C)C(C)C(C)(C)C	2,3,4,4-Tetramethylpent-1-en
CC(CO)C(C)(C)C	2,3,3-Trimethylbutan-1-ol
CC(CCl)C(C)(C)C	1-Chlor-2,3,3-trimethylbutan
CC(C(C)(C)C)C(F)(F)F	1,1,1-Trifluor-2,3,3-trimethylbutan
CC(C1=CC=CC=C1)C(C)(C)C	(1,2,2-Trimethylpropyl)benzen
CC(CC1=CC=CC=C1)C(C)(C)C	(2,3,3-Trimethylbutyl)benzen
CC(C1CCCCC1)C(C)(C)C	(1,2,2-Trimethylpropyl)cyclohexan
CC(C1CC1)C(C)(C)C	(1,2,2-Trimethylpropyl)cyclopropan
CC(C1CCCC1)C(C)(C)C	(1,2,2-Trimethylpropyl)cyclopentan
CC(C1=CC=CC=N1)C(C)(C)C	2-(1,2,2-Trimethylpropyl)pyridin
CC(C1=CC=CN=C1)C(C)(C)C	3-(1,2,2-Trimethylpropyl)pyridin
CC(C1=CC=NC=C1)C(C)(C)C	4-(1,2,2-Trimethylpropyl)pyridin
CC(C1=CC=CO1)C(C)(C)C	2-(1,2,2-Trimethylpropyl)furan
CC(C1=CSC=C1)C(C)(C)C	3-(1,2,2-Trimethylpropyl)thiophen
CC(C1CCCO1)C(C)(C)C	2-(1,2,2-Trimethylpropyl)oxolan
CC(N1CCCCC1)C(C)(C)C	1-(1,2,2-Trimethylpropyl)piperidin
CC(C1CCCN1)C(C)(C)C	2-(1,2,2-Trimethylpropyl)pyrrolidin
CC(C1CCOCC1)C(C)(C)C	4-(1,2,2-Trimethylpropyl)oxan
CCC(C)(C)CS	2,2-Dimethylbutan-1-thiol
CCC(C)(C)CN	2,2-Dimethylbutan-1-amin
CCC(C)(C)CF	1-Fluor-2,2-dimethylbutan
CCC(C)(C)CBr	1-Brom-2,2-dimethylbutan
CCC(C)(C)CI	1-Iod-2,2-dimethylbutan
CCC(C)(C)C[N+](=O)[O-]	2,2-Dimethyl-1-nitrobutan
CCC(C)(C)COC	1-Methoxy-2,2-dimethylbutan
CCOCC(C)(C)CC	1-Ethoxy-2,2-dimethylbutan
CCC(C)(C)COC(C)C	2,2-Dimethyl-1-(1-methylethoxy)butan
CCC(C)(C)COC1=CC=CC=C1	(2,2-Dimethylbutoxy)benzen
CCC(C)(C)CSC	2,2-Dimethyl-1-(methylsulfanyl)butan
CCSCC(C)(C)CC	1-(Ethylsulfanyl)-2,2-dimethylbutan
CCC(C)(C)CNC	N,2,2-Trimethylbutan-1-amin
CCNCC(C)(C)CC	N-Ethyl-2,2-dimethylbutan-1-amin
CCC(C)(C)CN(C)C	N,N,2,2-Tetramethylbutan-1-amin
CCN(C)CC(C)(C)CC	N-Ethyl-N,2,2-trimethylbutan-1-amin
CCC(C)(C)CNC(C)=O	N-(2,2-Dimethylbutyl)ethanamid
CCC(C)(C)CC(=O)O	3,3-Dimethylpentansäure
CCC(C)(C)CC=O	3,3-Dimethylpentanal
CCC(C)(C)CC#N	3,3-Dimethylpentannitril
CCC(C)(C)CC(N)=O	3,3-Dimethylpentanamid
CCC(C)(C)CC(=O)NC	N,3,3-Trimethylpentanamid
CCC(C)(C)CC(=O)N(C)C	N,N,3,3-Tetramethylpentanamid
CCC(C)(C)CC(=O)OC	3,3-Dimethylpentansäuremethylester
CCOC(=O)CC(C)(C)CC	3,3-Dimethylpentansäureethylester
CCC(C)(C)CC(=O)OC(C)C	3,3-Dimethylpentansäure(1-methylethyl)ester
CCC(C)(C)COC(C)=O	Ethansäure(2,2-dimethylbutyl)ester
CCC(C)(C)COC=O	Methansäure(2,2-dimethylbutyl)ester
CCC(C)(C)CC(C)=O	4,4-Dimethylhexan-2-on
C=CCCC(C)(C)CC	5,5-Dimethylhept-1-en
C/C=C/CC(C)(C)CC	(E)-5,5-Dimethylhept-2-en
C=C(C)CC(C)(C)CC	2,4,4-Trimethylhex-1-en
CCC(C)(C)CCO	3,3-Dimethylpentan-1-ol
CCC(C)(C)CCCl	1-Chlor-3,3-dimethylpentan
CCC(C)(C)CC(F)(F)F	1,1,1-Trifluor-3,3-dimethylpentan
CCC(C)(C)CCC1=CC=CC=C1	(3,3-Dimethylpentyl)benzen
CCC(C)(C)CC1CCCCC1	(2,2-Dimethylbutyl)cyclohexan
CCC(C)(C)CC1CC1	(2,2-Dimethylbutyl)cyclopropan
CCC(C)(C)CC1CCCC1	(2,2-Dimethylbutyl)cyclopentan
CCC(C)(C)CC1=CC=CC=N1	2-(2,2-Dimethylbutyl)pyridin
CCC(C)(C)CC1=CC=CN=C1	3-(2,2-Dimethylbutyl)pyridin
CCC(C)(C)CC1=CC=NC=C1	4-(2,2-Dimethylbutyl)pyridin
CCC(C)(C)CC1=CC=CO1	2-(2,2-Dimethylbutyl)furan
CCC(C)(C)CC1=CSC=C1	3-(2,2-Dimethylbutyl)thiophen
CCC(C)(C)CC1CCCO1	2-(2,2-Dimethylbutyl)oxolan
CCC(C)(C)CN1CCCCC1	1-(2,2-Dimethylbutyl)piperidin
CCC(C)(C)CC1CCCN1	2-(2,2-Dimethylbutyl)pyrrolidin
CCC(C)(C)CC1CCOCC1	4-(2,2-Dimethylbutyl)oxan
C/C=C/C(C)(C)CC	(E)-4,4-Dimethylhex-2-en
C/C=C\CC(C)(C)CC	(Z)-5,5-Dimethylhept-2-en
CC(C)(C)CCS	3,3-Dimethylbutan-1-thiol
CC(C)(C)CCN	3,3-Dimethylbutan-1-amin
CC(C)(C)CCF	1-Fluor-3,3-dimethylbutan
CC(C)(C)CCBr	1-Brom-3,3-dimethylbutan
CC(C)(C)CCI	1-Iod-3,3-dimethylbutan
CC(C)(C)CC[N+](=O)[O-]	3,3-Dimethyl-1-nitrobutan
COCCC(C)(C)C	1-Methoxy-3,3-dimethylbutan
CCOCCC(C)(C)C	1-Ethoxy-3,3-dimethylbutan
CC(C)OCCC(C)(C)C	3,3-Dimethyl-1-(1-methylethoxy)butan
CC(C)(C)CCOC1=CC=CC=C1	(3,3-Dimethylbutoxy)benzen
CSCCC(C)(C)C	3,3-Dimethyl-1-(methylsulfanyl)butan
CCSCCC(C)(C)C	1-(Ethylsulfanyl)-3,3-dimethylbutan
CNCCC(C)(C)C	N,3,3-Trimethylbutan-1-amin
CCNCCC(C)(C)C	N-Ethyl-3,3-dimethylbutan-1-amin
CN(C)CCC(C)(C)C	N,N,3,3-Tetramethylbutan-1-amin
CCN(C)CCC(C)(C)C	N-Ethyl-N,3,3-trimethylbutan-1-amin
CC(=O)NCCC(C)(C)C	N-(3,3-Dimethylbutyl)ethanamid
CC(C)(C)CCC(=O)O	4,4-Dimethylpentansäure
CC(C)(C)CCC=O	4,4-Dimethylpentanal
CC(C)(C)CCC#N	4,4-Dimethylpentannitril
CC(C)(C)CCC(N)=O	4,4-Dimethylpentanamid
CNC(=O)CCC(C)(C)C	N,4,4-Trimethylpentanamid
CN(C)C(=O)CCC(C)(C)C	N,N,4,4-Tetramethylpentanamid
COC(=O)CCC(C)(C)C	4,4-Dimethylpentansäuremethylester
CCOC(=O)CCC(C)(C)C	4,4-Dimethylpentansäureethylester
CC(C)OC(=O)CCC(C)(C)C	4,4-Dimethylpentansäure(1-methylethyl)ester
CC(=O)OCCC(C)(C)C	Ethansäure(3,3-dimethylbutyl)ester
CC(C)(C)CCOC=O	Methansäure(3,3-dimethylbutyl)ester
CC(=O)CCC(C)(C)C	5,5-Dimethylhexan-2-on
C#CCCC(C)(C)C	5,5-Dimethylhex-1-in
C=CCCCC(C)(C)C	6,6-Dimethylhept-1-en
C/C=C\CCC(C)(C)C	(Z)-6,6-Dimethylhept-2-en
C=C(C)CCC(C)(C)C	2,5,5-Trimethylhex-1-en
CC(C)(C)CCCO	4,4-Dimethylpentan-1-ol
CC(C)(C)CCCCl	1-Chlor-4,4-dimethylpentan
CC(C)(C)CCC(F)(F)F	1,1,1-Trifluor-4,4-dimethylpentan
CC(C)(C)CCCC1=CC=CC=C1	(4,4-Dimethylpentyl)benzen
CC(C)(C)CCC1CCCCC1	(3,3-Dimethylbutyl)cyclohexan
CC(C)(C)CCC1CC1	(3,3-Dimethylbutyl)cyclopropan
CC(C)(C)CCC1CCCC1	(3,3-Dimethylbutyl)cyclopentan
CC(C)(C)CCC1=CC=CC=N1	2-(3,3-Dimethylbutyl)pyridin
CC(C)(C)CCC1=CC=CN=C1	3-(3,3-Dimethylbutyl)pyridin
CC(C)(C)CCC1=CC=NC=C1	4-(3,3-Dimethylbutyl)pyridin
CC(C)(C)CCC1=CC=CO1	2-(3,3-Dimethylbutyl)furan
CC(C)(C)CCC1=CSC=C1	3-(3,3-Dimethylbutyl)thiophen
CC(C)(C)CCC1CCCO1	2-(3,3-Dimethylbutyl)oxolan
CC(C)(C)CCN1CCCCC1	1-(3,3-Dimethylbutyl)piperidin
CC(C)(C)CCC1CCCN1	2-(3,3-Dimethylbutyl)pyrrolidin
CC(C)(C)CCC1CCOCC1	4-(3,3-Dimethylbutyl)oxan
CC(C)C(C)(C)O	2,3-Dimethylbutan-2-ol
CC(C)C(C)(C)S	2,3-Dimethylbutan-2-thiol
CC(C)C(C)(C)N	2,3-Dimethylbutan-2-amin
CC(C)C(C)(C)F	2-Fluor-2,3-dimethylbutan
CC(C)C(C)(C)Cl	2-Chlor-2,3-dimethylbutan
CC(C)C(C)(C)Br	2-Brom-2,3-dimethylbutan
CC(C)C(C)(C)I	2-Iod-2,3-dimethylbutan
CC(C)C(C)(C)[N+](=O)[O-]	2,3-Dimethyl-2-nitrobutan
COC(C)(C)C(C)C	2-Methoxy-2,3-dimethylbutan
CCOC(C)(C)C(C)C	2-Ethoxy-2,3-dimethylbutan
CC(C)OC(C)(C)C(C)C	2,3-Dimethyl-2-(1-methylethoxy)butan
CC(C)C(C)(C)OC1=CC=CC=C1	(1,1,2-Trimethylpropoxy)benzen
CSC(C)(C)C(C)C	2,3-Dimethyl-2-(methylsulfanyl)butan
CCSC(C)(C)C(C)C	2-(Ethylsulfanyl)-2,3-dimethylbutan
CNC(C)(C)C(C)C	N,2,3-Trimethylbutan-2-amin
CCNC(C)(C)C(C)C	N-Ethyl-2,3-dimethylbutan-2-amin
CC(C)C(C)(C)N(C)C	N,N,2,3-Tetramethylbutan-2-amin
CCN(C)C(C)(C)C(C)C	N-Ethyl-N,2,3-trimethylbutan-2-amin
CC(=O)NC(C)(C)C(C)C	N-(1,1,2-Trimethylpropyl)ethanamid
CC(C)C(C)(C)C(=O)O	2,2,3-Trimethylbutansäure
CC(C)C(C)(C)C=O	2,2,3-Trimethylbutanal
CC(C)C(C)(C)C#N	2,2,3-Trimethylbutannitril
CC(C)C(C)(C)C(N)=O	2,2,3-Trimethylbutanamid
CNC(=O)C(C)(C)C(C)C	N,2,2,3-Tetramethylbutanamid
CC(C)C(C)(C)C(=O)N(C)C	N,N,2,2,3-Pentamethylbutanamid
COC(=O)C(C)(C)C(C)C	2,2,3-Trimethylbutansäuremethylester
CCOC(=O)C(C)(C)C(C)C	2,2,3-Trimethylbutansäureethylester
CC(C)OC(=O)C(C)(C)C(C)C	2,2,3-Trimethylbutansäure(1-methylethyl)ester
CC(=O)OC(C)(C)C(C)C	Ethansäure(1,1,2-trimethylpropyl)ester
CC(C)C(C)(C)OC=O	Methansäure(1,1,2-trimethylpropyl)ester
CC(=O)C(C)(C)C(C)C	3,3,4-Trimethylpentan-2-on
C=CCC(C)(C)C(C)C	4,4,5-Trimethylhex-1-en
C/C=C\C(C)(C)C(C)C	(Z)-4,4,5-Trimethylhex-2-en
C=C(C)C(C)(C)C(C)C	2,3,3,4-Tetramethylpent-1-en
CC(C)C(C)(C)CO	2,2,3-Trimethylbutan-1-ol
CC(C)C(C)(C)CCl	1-Chlor-2,2,3-trimethylbutan
CC(C)C(C)(C)C(F)(F)F	1,1,1-Trifluor-2,2,3-trimethylbutan
CC(C)C(C)(C)C1=CC=CC=C1	(1,1,2-Trimethylpropyl)benzen
CC(C)C(C)(C)CC1=CC=CC=C1	(2,2,3-Trimethylbutyl)benzen
CC(C)C(C)(C)C1CCCCC1	(1,1,2-Trimethylpropyl)cyclohexan
CC(C)C(C)(C)C1CC1	(1,1,2-Trimethylpropyl)cyclopropan
CC(C)C(C)(C)C1CCCC1	(1,1,2-Trimethylpropyl)cyclopentan
CC(C)C(C)(C)C1=CC=CC=N1	2-(1,1,2-Trimethylpropyl)pyridin
CC(C)C(C)(C)C1=CC=CN=C1	3-(1,1,2-Trimethylpropyl)pyridin
CC(C)C(C)(C)C1=CC=NC=C1	4-(1,1,2-Trimethylpropyl)pyridin
CC(C)C(C)(C)C1=CC=CO1	2-(1,1,2-Trimethylpropyl)furan
CC(C)C(C)(C)C1=CSC=C1	3-(1,1,2-Trimethylpropyl)thiophen
CC(C)C(C)(C)C1CCCO1	2-(1,1,2-Trimethylpropyl)oxolan
CC(C)C(C)(C)N1CCCCC1	1-(1,1,2-Trimethylpropyl)piperidin
CC(C)C(C)(C)C1CCCN1	2-(1,1,2-Trimethylpropyl)pyrrolidin
CC(C)C(C)(C)C1CCOCC1	4-(1,1,2-Trimethylpropyl)oxan
CC(C)C(C)CS	2,3-Dimethylbutan-1-thiol
CC(C)C(C)CN	2,3-Dimethylbutan-1-amin
CC(C)C(C)CF	1-Fluor-2,3-dimethylbutan
CC(C)C(C)CBr	1-Brom-2,3-dimethylbutan
CC(C)C(C)CI	1-Iod-2,3-dimethylbutan
CC(C)C(C)C[N+](=O)[O-]	2,3-Dimethyl-1-nitrobutan
COCC(C)C(C)C	1-Methoxy-2,3-dimethylbutan
CCOCC(C)C(C)C	1-Ethoxy-2,3-dimethylbutan
CC(C)OCC(C)C(C)C	2,3-Dimethyl-1-(1-methylethoxy)butan
CC(C)C(C)COC1=CC=CC=C1	(2,3-Dimethylbutoxy)benzen
CSCC(C)C(C)C	2,3-Dimethyl-1-(methylsulfanyl)butan
CCSCC(C)C(C)C	1-(Ethylsulfanyl)-2,3-dimethylbutan
CNCC(C)C(C)C	N,2,3-Trimethylbutan-1-amin
CCNCC(C)C(C)C	N-Ethyl-2,3-dimethylbutan-1-amin
CC(C)C(C)CN(C)C	N,N,2,3-Tetramethylbutan-1-amin
CCN(C)CC(C)C(C)C	N-Ethyl-N,2,3-trimethylbutan-1-amin
CC(=O)NCC(C)C(C)C	N-(2,3-Dimethylbutyl)ethanamid
CC(C)C(C)CC(=O)O	3,4-Dimethylpentansäure
CC(C)C(C)CC=O	3,4-Dimethylpentanal
CC(C)C(C)CC#N	3,4-Dimethylpentannitril
CC(C)C(C)CC(N)=O	3,4-Dimethylpentanamid
CNC(=O)CC(C)C(C)C	N,3,4-Trimethylpentanamid
CC(C)C(C)CC(=O)N(C)C	N,N,3,4-Tetramethylpentanamid
COC(=O)CC(C)C(C)C	3,4-Dimethylpentansäuremethylester
CCOC(=O)CC(C)C(C)C	3,4-Dimethylpentansäureethylester
CC(C)OC(=O)CC(C)C(C)C	3,4-Dimethylpentansäure(1-methylethyl)ester
CC(=O)OCC(C)C(C)C	Ethansäure(2,3-dimethylbutyl)ester
CC(C)C(C)COC=O	Methansäure(2,3-dimethylbutyl)ester
CC(=O)CC(C)C(C)C	4,5-Dimethylhexan-2-on
C#CCC(C)C(C)C	4,5-Dimethylhex-1-in
C=CCCC(C)C(C)C	5,6-Dimethylhept-1-en
C/C=C/CC(C)C(C)C	(E)-5,6-Dimethylhept-2-en
C=C(C)CC(C)C(C)C	2,4,5-Trimethylhex-1-en
CC(C)C(C)CCO	3,4-Dimethylpentan-1-ol
CC(C)C(C)CCCl	1-Chlor-3,4-dimethylpentan
CC(C)C(C)CC(F)(F)F	1,1,1-Trifluor-3,4-dimethylpentan
CC(C)C(C)CCC1=CC=CC=C1	(3,4-Dimethylpentyl)benzen
CC(C)C(C)CC1CCCCC1	(2,3-Dimethylbutyl)cyclohexan
CC(C)C(C)CC1CC1	(2,3-Dimethylbutyl)cyclopropan
CC(C)C(C)CC1CCCC1	(2,3-Dimethylbutyl)cyclopentan
CC(C)C(C)CC1=CC=CC=N1	2-(2,3-Dimethylbutyl)pyridin
CC(C)C(C)CC1=CC=CN=C1	3-(2,3-Dimethylbutyl)pyridin
CC(C)C(C)CC1=CC=NC=C1	4-(2,3-Dimethylbutyl)pyridin
CC(C)C(C)CC1=CC=CO1	2-(2,3-Dimethylbutyl)furan
CC(C)C(C)CC1=CSC=C1	3-(2,3-Dimethylbutyl)thiophen
CC(C)C(C)CC1CCCO1	2-(2,3-Dimethylbutyl)oxolan
CC(C)C(C)CN1CCCCC1	1-(2,3-Dimethylbutyl)piperidin
CC(C)C(C)CC1CCCN1	2-(2,3-Dimethylbutyl)pyrrolidin
CC(C)C(C)CC1CCOCC1	4-(2,3-Dimethylbutyl)oxan
C/C=C\CC(C)C(C)C	(Z)-5,6-Dimethylhept-2-en
C/C=C\C(C)C(C)C	(Z)-4,5-Dimethylhex-2-en
CCC(C)(O)CC	3-Methylpentan-3-ol
CCC(C)(S)CC	3-Methylpentan-3-thiol
CCC(C)(N)CC	3-Methylpentan-3-amin
CCC(C)(F)CC	3-Fluor-3-methylpentan
CCC(C)(Cl)CC	3-Chlor-3-methylpentan
CCC(C)(Br)CC	3-Brom-3-methylpentan
CCC(C)(I)CC	3-Iod-3-methylpentan
CCC(C)(CC)[N+](=O)[O-]	3-Methyl-3-nitropentan
CCC(C)(CC)OC	3-Methoxy-3-methylpentan
CCOC(C)(CC)CC	3-Ethoxy-3-methylpentan
CCC(C)(CC)OC(C)C	3-Methyl-3-(1-methylethoxy)pentan
CCC(C)(CC)OC1=CC=CC=C1	(1-Ethyl-1-methylpropoxy)benzen
CCC(C)(CC)SC	3-Methyl-3-(methylsulfanyl)pentan
CCSC(C)(CC)CC	3-(Ethylsulfanyl)-3-methylpentan
CCC(C)(CC)NC	N,3-Dimethylpentan-3-amin
CCNC(C)(CC)CC	N-Ethyl-3-methylpentan-3-amin
CCC(C)(CC)N(C)C	N,N,3-Trimethylpentan-3-amin
CCN(C)C(C)(CC)CC	N-Ethyl-N,3-dimethylpentan-3-amin
CCC(C)(CC)NC(C)=O	N-(1-Ethyl-1-methylpropyl)ethanamid
CCC(C)(CC)C(=O)O	2-Ethyl-2-methylbutansäure
CCC(C)(C=O)CC	2-Ethyl-2-methylbutanal
CCC(C)(C#N)CC	2-Ethyl-2-methylbutannitril
CCC(C)(CC)C(N)=O	2-Ethyl-2-methylbutanamid
CCC(C)(CC)C(=O)NC	2-Ethyl-N,2-dimethylbutanamid
CCC(C)(CC)C(=O)N(C)C	2-Ethyl-N,N,2-trimethylbutanamid
CCC(C)(CC)C(=O)OC	2-Ethyl-2-methylbutansäuremethylester
CCOC(=O)C(C)(CC)CC	2-Ethyl-2-methylbutansäureethylester
CCC(C)(CC)C(=O)OC(C)C	2-Ethyl-2-methylbutansäure(1-methylethyl)ester
CCC(C)(CC)OC(C)=O	Ethansäure(1-ethyl-1-methylpropyl)ester
CCC(C)(CC)OC=O	Methansäure(1-ethyl-1-methylpropyl)ester
CCC(C)(CC)C(C)=O	3-Ethyl-3-methylpentan-2-on
C=CCC(C)(CC)CC	4-Ethyl-4-methylhex-1-en
C/C=C/C(C)(CC)CC	(E)-4-Ethyl-4-methylhex-2-en
C=C(C)C(C)(CC)CC	3-Ethyl-2,3-dimethylpent-1-en
CCC(C)(CC)CO	2-Ethyl-2-methylbutan-1-ol
CCC(C)(CC)CCl	3-(Chlormethyl)-3-methylpentan
CCC(C)(CC)C(F)(F)F	3-Methyl-3-(trifluormethyl)pentan
CCC(C)(CC)C1=CC=CC=C1	(1-Ethyl-1-methylpropyl)benzen
CCC(C)(CC)CC1=CC=CC=C1	(2-Ethyl-2-methylbutyl)benzen
CCC(C)(CC)C1CCCCC1	(1-Ethyl-1-methylpropyl)cyclohexan
CCC(C)(CC)C1CC1	(1-Ethyl-1-methylpropyl)cyclopropan
CCC(C)(CC)C1CCCC1	(1-Ethyl-1-methylpropyl)cyclopentan
CCC(C)(CC)C1=CC=CC=N1	2-(1-Ethyl-1-methylpropyl)pyridin
CCC(C)(CC)C1=CC=CN=C1	3-(1-Ethyl-1-methylpropyl)pyridin
CCC(C)(CC)C1=CC=NC=C1	4-(1-Ethyl-1-methylpropyl)pyridin
CCC(C)(CC)C1=CC=CO1	2-(1-Ethyl-1-methylpropyl)furan
CCC(C)(CC)C1=CSC=C1	3-(1-Ethyl-1-methylpropyl)thiophen
CCC(C)(CC)C1CCCO1	2-(1-Ethyl-1-methylpropyl)oxolan
CCC(C)(CC)N1CCCCC1	1-(1-Ethyl-1-methylpropyl)piperidin
CCC(C)(CC)C1CCCN1	2-(1-Ethyl-1-methylpropyl)pyrrolidin
CCC(C)(CC)C1CCOCC1	4-(1-Ethyl-1-methylpropyl)oxan
CCC(C)C(C)O	3-Methylpentan-2-ol
CCC(C)C(C)S	3-Methylpentan-2-thiol
CCC(C)C(C)N	3-Methylpentan-2-amin
CCC(C)C(C)F	2-Fluor-3-methylpentan
CCC(C)C(C)Cl	2-Chlor-3-methylpentan
CCC(C)C(C)Br	2-Brom-3-methylpentan
CCC(C)C(C)I	2-Iod-3-methylpentan
CCC(C)C(C)[N+](=O)[O-]	3-Methyl-2-nitropentan
CCC(C)C(C)OC	2-Methoxy-3-methylpentan
CCOC(C)C(C)CC	2-Ethoxy-3-methylpentan
CCC(C)C(C)OC(C)C	3-Methyl-2-(1-methylethoxy)pentan
CCC(C)C(C)OC1=CC=CC=C1	(1,2-Dimethylbutoxy)benzen
CCC(C)C(C)SC	3-Methyl-2-(methylsulfanyl)pentan
CCSC(C)C(C)CC	2-(Ethylsulfanyl)-3-methylpentan
CCC(C)C(C)NC	N,3-Dimethylpentan-2-amin
CCNC(C)C(C)CC	N-Ethyl-3-methylpentan-2-amin
CCC(C)C(C)N(C)C	N,N,3-Trimethylpentan-2-amin
CCC(C)C(C)N(C)CC	N-Ethyl-N,3-dimethylpentan-2-amin
CCC(C)C(C)NC(C)=O	N-(1,2-Dimethylbutyl)ethanamid
CCC(C)C(C)C(=O)O	2,3-Dimethylpentansäure
CCC(C)C(C)C=O	2,3-Dimethylpentanal
CCC(C)C(C)C#N	2,3-Dimethylpentannitril
CCC(C)C(C)C(N)=O	2,3-Dimethylpentanamid
CCC(C)C(C)C(=O)NC	N,2,3-Trimethylpentanamid
CCC(C)C(C)C(=O)N(C)C	N,N,2,3-Tetramethylpentanamid
CCC(C)C(C)C(=O)OC	2,3-Dimethylpentansäuremethylester
CCOC(=O)C(C)C(C)CC	2,3-Dimethylpentansäureethylester
CCC(C)C(C)C(=O)OC(C)C	2,3-Dimethylpentansäure(1-methylethyl)ester
CCC(C)C(C)OC(C)=O	Ethansäure(1,2-dimethylbutyl)ester
CCC(C)C(C)OC=O	Methansäure(1,2-dimethylbutyl)ester
CCC(C)C(C)C(C)=O	3,4-Dimethylhexan-2-on
C=CC(C)C(C)CC	3,4-Dimethylhex-1-en
C#CC(C)C(C)CC	3,4-Dimethylhex-1-in
C=CCC(C)C(C)CC	4,5-Dimethylhept-1-en
C/C=C/C(C)C(C)CC	(E)-4,5-Dimethylhept-2-en
C=C(C)C(C)C(C)CC	2,3,4-Trimethylhex-1-en
CCC(C)C(C)CO	2,3-Dimethylpentan-1-ol
CCC(C)C(C)CCl	1-Chlor-2,3-dimethylpentan
CCC(C)C(C)C(F)(F)F	1,1,1-Trifluor-2,3-dimethylpentan
CCC(C)C(C)C1=CC=CC=C1	(1,2-Dimethylbutyl)benzen
CCC(C)C(C)CC1=CC=CC=C1	(2,3-Dimethylpentyl)benzen
CCC(C)C(C)C1CCCCC1	(1,2-Dimethylbutyl)cyclohexan
CCC(C)C(C)C1CC1	(1,2-Dimethylbutyl)cyclopropan
CCC(C)C(C)C1CCCC1	(1,2-Dimethylbutyl)cyclopentan
CCC(C)C(C)C1=CC=CC=N1	2-(1,2-Dimethylbutyl)pyridin
CCC(C)C(C)C1=CC=CN=C1	3-(1,2-Dimethylbutyl)pyridin
CCC(C)C(C)C1=CC=NC=C1	4-(1,2-Dimethylbutyl)pyridin
CCC(C)C(C)C1=CC=CO1	2-(1,2-Dimethylbutyl)furan
CCC(C)C(C)C1=CSC=C1	3-(1,2-Dimethylbutyl)thiophen
CCC(C)C(C)C1CCCO1	2-(1,2-Dimethylbutyl)oxolan
CCC(C)C(C)N1CCCCC1	1-(1,2-Dimethylbutyl)piperidin
CCC(C)C(C)C1CCCN1	2-(1,2-Dimethylbutyl)pyrrolidin
CCC(C)C(C)C1CCOCC1	4-(1,2-Dimethylbutyl)oxan
C/C=C\C(C)C(C)CC	(Z)-4,5-Dimethylhept-2-en
CCC(CC)CS	2-Ethylbutan-1-thiol
CCC(CC)CN	2-Ethylbutan-1-amin
CCC(CC)CF	3-(Fluormethyl)pentan
CCC(CC)CBr	3-(Brommethyl)pentan
CCC(CC)CI	3-(Iodmethyl)pentan
CCC(CC)C[N+](=O)[O-]	3-(Nitromethyl)pentan
CCC(CC)COC	3-(Methoxymethyl)pentan
CCOCC(CC)CC	3-(Ethoxymethyl)pentan
CCC(CC)COC(C)C	3-[(1-Methylethoxy)methyl]pentan
CCC(CC)COC1=CC=CC=C1	(2-Ethylbutoxy)benzen
CCC(CC)CSC	3-[(Methylsulfanyl)methyl]pentan
CCSCC(CC)CC	3-[(Ethylsulfanyl)methyl]pentan
CCC(CC)CNC	2-Ethyl-N-methylbutan-1-amin
CCNCC(CC)CC	N,2-Diethylbutan-1-amin
CCC(CC)CN(C)C	2-Ethyl-N,N-dimethylbutan-1-amin
CCC(CC)CN(C)CC	N,2-Diethyl-N-methylbutan-1-amin
CCC(CC)CNC(C)=O	N-(2-Ethylbutyl)ethanamid
CCC(CC)CC(=O)O	3-Ethylpentansäure
CCC(CC)CC=O	3-Ethylpentanal
CCC(CC)CC#N	3-Ethylpentannitril
CCC(CC)CC(N)=O	3-Ethylpentanamid
CCC(CC)CC(=O)NC	3-Ethyl-N-methylpentanamid
CCC(CC)CC(=O)N(C)C	3-Ethyl-N,N-dimethylpentanamid
CCC(CC)CC(=O)OC	3-Ethylpentansäuremethylester
CCOC(=O)CC(CC)CC	3-Ethylpentansäureethylester
CCC(CC)CC(=O)OC(C)C	3-Ethylpentansäure(1-methylethyl)ester
CCC(CC)COC(C)=O	Ethansäure(2-ethylbutyl)ester
CCC(CC)COC=O	Methansäure(2-ethylbutyl)ester
CCC(CC)CC(C)=O	4-Ethylhexan-2-on
C#CCC(CC)CC	4-Ethylhex-1-in
C=CCCC(CC)CC	5-Ethylhept-1-en
C/C=C\CC(CC)CC	(Z)-5-Ethylhept-2-en
C=C(C)CC(CC)CC	4-Ethyl-2-methylhex-1-en
CCC(CC)CCO	3-Ethylpentan-1-ol
CCC(CC)CCCl	1-Chlor-3-ethylpentan
CCC(CC)CC(F)(F)F	3-Ethyl-1,1,1-trifluorpentan
CCC(CC)CCC1=CC=CC=C1	(3-Ethylpentyl)benzen
CCC(CC)CC1CCCCC1	(2-Ethylbutyl)cyclohexan
CCC(CC)CC1CC1	(2-Ethylbutyl)cyclopropan
CCC(CC)CC1CCCC1	(2-Ethylbutyl)cyclopentan
CCC(CC)CC1=CC=CC=N1	2-(2-Ethylbutyl)pyridin
CCC(CC)CC1=CC=CN=C1	3-(2-Ethylbutyl)pyridin
CCC(CC)CC1=CC=NC=C1	4-(2-Ethylbutyl)pyridin
CCC(CC)CC1=CC=CO1	2-(2-Ethylbutyl)furan
CCC(CC)CC1=CSC=C1	3-(2-Ethylbutyl)thiophen
CCC(CC)CC1CCCO1	2-(2-Ethylbutyl)oxolan
CCC(CC)CN1CCCCC1	1-(2-Ethylbutyl)piperidin
CCC(CC)CC1CCCN1	2-(2-Ethylbutyl)pyrrolidin
CCC(CC)CC1CCOCC1	4-(2-Ethylbutyl)oxan
CCC(C)CCS	3-Methylpentan-1-thiol
CCC(C)CCN	3-Methylpentan-1-amin
CCC(C)CCF	1-Fluor-3-methylpentan
CCC(C)CCBr	1-Brom-3-methylpentan
CCC(C)CCI	1-Iod-3-methylpentan
CCC(C)CC[N+](=O)[O-]	3-Methyl-1-nitropentan
CCC(C)CCOC	1-Methoxy-3-methylpentan
CCOCCC(C)CC	1-Ethoxy-3-methylpentan
CCC(C)CCOC(C)C	3-Methyl-1-(1-methylethoxy)pentan
CCC(C)CCOC1=CC=CC=C1	[(3-Methylpentyl)oxy]benzen
CCC(C)CCSC	3-Methyl-1-(methylsulfanyl)pentan
CCSCCC(C)CC	1-(Ethylsulfanyl)-3-methylpentan
CCC(C)CCNC	N,3-Dimethylpentan-1-amin
CCNCCC(C)CC	N-Ethyl-3-methylpentan-1-amin
CCC(C)CCN(C)C	N,N,3-Trimethylpentan-1-amin
CCC(C)CCN(C)CC	N-Ethyl-N,3-dimethylpentan-1-amin
CCC(C)CCNC(C)=O	N-(3-Methylpentyl)ethanamid
CCC(C)CCC(=O)O	4-Methylhexansäure
CCC(C)CCC=O	4-Methylhexanal
CCC(C)CCC#N	4-Methylhexannitril
CCC(C)CCC(N)=O	4-Methylhexanamid
CCC(C)CCC(=O)NC	N,4-Dimethylhexanamid
CCC(C)CCC(=O)N(C)C	N,N,4-Trimethylhexanamid
CCC(C)CCC(=O)OC	4-Methylhexansäuremethylester
CCOC(=O)CCC(C)CC	4-Methylhexansäureethylester
CCC(C)CCC(=O)OC(C)C	4-Methylhexansäure(1-methylethyl)ester
CCC(C)CCOC(C)=O	Ethansäure(3-methylpentyl)ester
CCC(C)CCOC=O	Methansäure(3-methylpentyl)ester
CCC(C)CCC(C)=O	5-Methylheptan-2-on
C#CCCC(C)CC	5-Methylhept-1-in
C=CCCCC(C)CC	6-Methyloct-1-en
C/C=C/CCC(C)CC	(E)-6-Methyloct-2-en
C=C(C)CCC(C)CC	2,5-Dimethylhept-1-en
CCC(C)CCCO	4-Methylhexan-1-ol
CCC(C)CCCCl	1-Chlor-4-methylhexan
CCC(C)CCC(F)(F)F	1,1,1-Trifluor-4-methylhexan
CCC(C)CCCC1=CC=CC=C1	(4-Methylhexyl)benzen
CCC(C)CCC1CCCCC1	(3-Methylpentyl)cyclohexan
CCC(C)CCC1CC1	(3-Methylpentyl)cyclopropan
CCC(C)CCC1CCCC1	(3-Methylpentyl)cyclopentan
CCC(C)CCC1=CC=CC=N1	2-(3-Methylpentyl)pyridin
CCC(C)CCC1=CC=CN=C1	3-(3-Methylpentyl)pyridin
CCC(C)CCC1=CC=NC=C1	4-(3-Methylpentyl)pyridin
CCC(C)CCC1=CC=CO1	2-(3-Methylpentyl)furan
CCC(C)CCC1=CSC=C1	3-(3-Methylpentyl)thiophen
CCC(C)CCC1CCCO1	2-(3-Methylpentyl)oxolan
CCC(C)CCN1CCCCC1	1-(3-Methylpentyl)piperidin
CCC(C)CCC1CCCN1	2-(3-Methylpentyl)pyrrolidin
CCC(C)CCC1CCOCC1	4-(3-Methylpentyl)oxan
CCCC(C)(C)O	2-Methylpentan-2-ol
CCCC(C)(C)S	2-Methylpentan-2-thiol
CCCC(C)(C)N	2-Methylpentan-2-amin
CCCC(C)(C)F	2-Fluor-2-methylpentan
CCCC(C)(C)Cl	2-Chlor-2-methylpentan
CCCC(C)(C)Br	2-Brom-2-methylpentan
CCCC(C)(C)I	2-Iod-2-methylpentan
CCCC(C)(C)[N+](=O)[O-]	2-Methyl-2-nitropentan
CCCC(C)(C)OC	2-Methoxy-2-methylpentan
CCCC(C)(C)OCC	2-Ethoxy-2-methylpentan
CCCC(C)(C)OC(C)C	2-Methyl-2-(1-methylethoxy)pentan
CCCC(C)(C)OC1=CC=CC=C1	(1,1-Dimethylbutoxy)benzen
CCCC(C)(C)SC	2-Methyl-2-(methylsulfanyl)pentan
CCCC(C)(C)SCC	2-(Ethylsulfanyl)-2-methylpentan
CCCC(C)(C)NC	N,2-Dimethylpentan-2-amin
CCCC(C)(C)NCC	N-Ethyl-2-methylpentan-2-amin
CCCC(C)(C)N(C)C	N,N,2-Trimethylpentan-2-amin
CCCC(C)(C)N(C)CC	N-Ethyl-N,2-dimethylpentan-2-amin
CCCC(C)(C)NC(C)=O	N-(1,1-Dimethylbutyl)ethanamid
CCCC(C)(C)C(=O)O	2,2-Dimethylpentansäure
CCCC(C)(C)C=O	2,2-Dimethylpentanal
CCCC(C)(C)C#N	2,2-Dimethylpentannitril
CCCC(C)(C)C(N)=O	2,2-Dimethylpentanamid
CCCC(C)(C)C(=O)NC	N,2,2-Trimethylpentanamid
CCCC(C)(C)C(=O)N(C)C	N,N,2,2-Tetramethylpentanamid
CCCC(C)(C)C(=O)OC	2,2-Dimethylpentansäuremethylester
CCCC(C)(C)C(=O)OCC	2,2-Dimethylpentansäureethylester
CCCC(C)(C)C(=O)OC(C)C	2,2-Dimethylpentansäure(1-methylethyl)ester
CCCC(C)(C)OC(C)=O	Ethansäure(1,1-dimethylbutyl)ester
CCCC(C)(C)OC=O	Methansäure(1,1-dimethylbutyl)ester
CCCC(C)(C)C(C)=O	3,3-Dimethylhexan-2-on
C=CCC(C)(C)CCC	4,4-Dimethylhept-1-en
C/C=C/C(C)(C)CCC	(E)-4,4-Dimethylhept-2-en
C=C(C)C(C)(C)CCC	2,3,3-Trimethylhex-1-en
CCCC(C)(C)CO	2,2-Dimethylpentan-1-ol
CCCC(C)(C)CCl	1-Chlor-2,2-dimethylpentan
CCCC(C)(C)C(F)(F)F	1,1,1-Trifluor-2,2-dimethylpentan
CCCC(C)(C)C1=CC=CC=C1	(1,1-Dimethylbutyl)benzen
CCCC(C)(C)CC1=CC=CC=C1	(2,2-Dimethylpentyl)benzen
CCCC(C)(C)C1CCCCC1	(1,1-Dimethylbutyl)cyclohexan
CCCC(C)(C)C1CC1	(1,1-Dimethylbutyl)cyclopropan
CCCC(C)(C)C1CCCC1	(1,1-Dimethylbutyl)cyclopentan
CCCC(C)(C)C1=CC=CC=N1	2-(1,1-Dimethylbutyl)pyridin
CCCC(C)(C)C1=CC=CN=C1	3-(1,1-Dimethylbutyl)pyridin
CCCC(C)(C)C1=CC=NC=C1	4-(1,1-Dimethylbutyl)pyridin
CCCC(C)(C)C1=CC=CO1	2-(1,1-Dimethylbutyl)furan
CCCC(C)(C)C1=CSC=C1	3-(1,1-Dimethylbutyl)thiophen
CCCC(C)(C)C1CCCO1	2-(1,1-Dimethylbutyl)oxolan
CCCC(C)(C)N1CCCCC1	1-(1,1-Dimethylbutyl)piperidin
CCCC(C)(C)C1CCCN1	2-(1,1-Dimethylbutyl)pyrrolidin
CCCC(C)(C)C1CCOCC1	4-(1,1-Dimethylbutyl)oxan
CCC(O)C(C)C	2-Methylpentan-3-ol
CCC(S)C(C)C	2-Methylpentan-3-thiol
CCC(N)C(C)C	2-Methylpentan-3-amin
CCC(F)C(C)C	3-Fluor-2-methylpentan
CCC(Cl)C(C)C	3-Chlor-2-methylpentan
CCC(Br)C(C)C	3-Brom-2-methylpentan
CCC(I)C(C)C	3-Iod-2-methylpentan
CCC(C(C)C)[N+](=O)[O-]	2-Methyl-3-nitropentan
CCC(OC)C(C)C	3-Methoxy-2-methylpentan
CCOC(CC)C(C)C	3-Ethoxy-2-methylpentan
CCC(OC(C)C)C(C)C	2-Methyl-3-(1-methylethoxy)pentan
CCC(OC1=CC=CC=C1)C(C)C	(1-Ethyl-2-methylpropoxy)benzen
CCC(SC)C(C)C	2-Methyl-3-(methylsulfanyl)pentan
CCSC(CC)C(C)C	3-(Ethylsulfanyl)-2-methylpentan
CCC(NC)C(C)C	N,2-Dimethylpentan-3-amin
CCNC(CC)C(C)C	N-Ethyl-2-methylpentan-3-amin
CCC(C(C)C)N(C)C	N,N,2-Trimethylpentan-3-amin
CCC(C(C)C)N(C)CC	N-Ethyl-N,2-dimethylpentan-3-amin
CCC(NC(C)=O)C(C)C	N-(1-Ethyl-2-methylpropyl)ethanamid
CCC(=O)C(C)C	2-Methylpentan-3-on
CCC(C(=O)O)C(C)C	2-Ethyl-3-methylbutansäure
CCC(C=O)C(C)C	2-Ethyl-3-methylbutanal
CCC(C#N)C(C)C	2-Ethyl-3-methylbutannitril
CCC(C(N)=O)C(C)C	2-Ethyl-3-methylbutanamid
CCC(C(=O)NC)C(C)C	2-Ethyl-N,3-dimethylbutanamid
CCC(C(=O)N(C)C)C(C)C	2-Ethyl-N,N,3-trimethylbutanamid
CCC(C(=O)OC)C(C)C	2-Ethyl-3-methylbutansäuremethylester
CCOC(=O)C(CC)C(C)C	2-Ethyl-3-methylbutansäureethylester
CCC(C(=O)OC(C)C)C(C)C	2-Ethyl-3-methylbutansäure(1-methylethyl)ester
CCC(OC(C)=O)C(C)C	Ethansäure(1-ethyl-2-methylpropyl)ester
CCC(OC=O)C(C)C	Methansäure(1-ethyl-2-methylpropyl)ester
CCC(C(C)=O)C(C)C	3-Ethyl-4-methylpentan-2-on
C#CC(CC)C(C)C	3-Ethyl-4-methylpent-1-in
C=CCC(CC)C(C)C	4-Ethyl-5-methylhex-1-en
C/C=C\C(CC)C(C)C	(Z)-4-Ethyl-5-methylhex-2-en
C=C(C)C(CC)C(C)C	3-Ethyl-2,4-dimethylpent-1-en
CCC(CO)C(C)C	2-Ethyl-3-methylbutan-1-ol
CCC(CCl)C(C)C	3-(Chlormethyl)-2-methylpentan
CCC(C(C)C)C(F)(F)F	2-Methyl-3-(trifluormethyl)pentan
CCC(C1=CC=CC=C1)C(C)C	(1-Ethyl-2-methylpropyl)benzen
CCC(CC1=CC=CC=C1)C(C)C	(2-Ethyl-3-methylbutyl)benzen
CCC(C(C)C)C1CCCCC1	(1-Ethyl-2-methylpropyl)cyclohexan
CCC(C(C)C)C1CC1	(1-Ethyl-2-methylpropyl)cyclopropan
CCC(C(C)C)C1CCCC1	(1-Ethyl-2-methylpropyl)cyclopentan
CCC(C1=CC=CC=N1)C(C)C	2-(1-Ethyl-2-methylpropyl)pyridin
CCC(C1=CC=CN=C1)C(C)C	3-(1-Ethyl-2-methylpropyl)pyridin
CCC(C1=CC=NC=C1)C(C)C	4-(1-Ethyl-2-methylpropyl)pyridin
CCC(C1=CC=CO1)C(C)C	2-(1-Ethyl-2-methylpropyl)furan
CCC(C1=CSC=C1)C(C)C	3-(1-Ethyl-2-methylpropyl)thiophen
CCC(C(C)C)C1CCCO1	2-(1-Ethyl-2-methylpropyl)oxolan
CCC(C(C)C)N1CCCCC1	1-(1-Ethyl-2-methylpropyl)piperidin
CCC(C(C)C)C1CCCN1	2-(1-Ethyl-2-methylpropyl)pyrrolidin
CCC(C(C)C)C1CCOCC1	4-(1-Ethyl-2-methylpropyl)oxan
CCCC(C)CS	2-Methylpentan-1-thiol
CCCC(C)CN	2-Methylpentan-1-amin
CCCC(C)CF	1-Fluor-2-methylpentan
CCCC(C)CBr	1-Brom-2-methylpentan
CCCC(C)CI	1-Iod-2-methylpentan
CCCC(C)C[N+](=O)[O-]	2-Methyl-1-nitropentan
CCCC(C)COC	1-Methoxy-2-methylpentan
CCCC(C)COCC	1-Ethoxy-2-methylpentan
CCCC(C)COC(C)C	2-Methyl-1-(1-methylethoxy)pentan
CCCC(C)COC1=CC=CC=C1	[(2-Methylpentyl)oxy]benzen
CCCC(C)CSC	2-Methyl-1-(methylsulfanyl)pentan
CCCC(C)CSCC	1-(Ethylsulfanyl)-2-methylpentan
CCCC(C)CNC	N,2-Dimethylpentan-1-amin
CCCC(C)CNCC	N-Ethyl-2-methylpentan-1-amin
CCCC(C)CN(C)C	N,N,2-Trimethylpentan-1-amin
CCCC(C)CN(C)CC	N-Ethyl-N,2-dimethylpentan-1-amin
CCCC(C)CNC(C)=O	N-(2-Methylpentyl)ethanamid
CCCC(C)CC(=O)O	3-Methylhexansäure
CCCC(C)CC=O	3-Methylhexanal
CCCC(C)CC#N	3-Methylhexannitril
CCCC(C)CC(N)=O	3-Methylhexanamid
CCCC(C)CC(=O)NC	N,3-Dimethylhexanamid
CCCC(C)CC(=O)N(C)C	N,N,3-Trimethylhexanamid
CCCC(C)CC(=O)OC	3-Methylhexansäuremethylester
CCCC(C)CC(=O)OCC	3-Methylhexansäureethylester
CCCC(C)CC(=O)OC(C)C	3-Methylhexansäure(1-methylethyl)ester
CCCC(C)COC(C)=O	Ethansäure(2-methylpentyl)ester
CCCC(C)COC=O	Methansäure(2-methylpentyl)ester
CCCC(C)CC(C)=O	4-Methylheptan-2-on
C=CCCC(C)CCC	5-Methyloct-1-en
C/C=C/CC(C)CCC	(E)-5-Methyloct-2-en
C=C(C)CC(C)CCC	2,4-Dimethylhept-1-en
CCCC(C)CCO	3-Methylhexan-1-ol
CCCC(C)CCCl	1-Chlor-3-methylhexan
CCCC(C)CC(F)(F)F	1,1,1-Trifluor-3-methylhexan
CCCC(C)CCC1=CC=CC=C1	(3-Methylhexyl)benzen
CCCC(C)CC1CCCCC1	(2-Methylpentyl)cyclohexan
CCCC(C)CC1CC1	(2-Methylpentyl)cyclopropan
CCCC(C)CC1CCCC1	(2-Methylpentyl)cyclopentan
CCCC(C)CC1=CC=CC=N1	2-(2-Methylpentyl)pyridin
CCCC(C)CC1=CC=CN=C1	3-(2-Methylpentyl)pyridin
CCCC(C)CC1=CC=NC=C1	4-(2-Methylpentyl)pyridin
CCCC(C)CC1=CC=CO1	2-(2-Methylpentyl)furan
CCCC(C)CC1=CSC=C1	3-(2-Methylpentyl)thiophen
CCCC(C)CC1CCCO1	2-(2-Methylpentyl)oxolan
CCCC(C)CN1CCCCC1	1-(2-Methylpentyl)piperidin
CCCC(C)CC1CCCN1	2-(2-Methylpentyl)pyrrolidin
CCCC(C)CC1CCOCC1	4-(2-Methylpentyl)oxan
CC(C)CC(C)O	4-Methylpentan-2-ol
CC(C)CC(C)S	4-Methylpentan-2-thiol
CC(C)CC(C)N	4-Methylpentan-2-amin
CC(C)CC(C)F	2-Fluor-4-methylpentan
CC(C)CC(C)Cl	2-Chlor-4-methylpentan
CC(C)CC(C)Br	2-Brom-4-methylpentan
CC(C)CC(C)I	2-Iod-4-methylpentan
CC(C)CC(C)[N+](=O)[O-]	2-Methyl-4-nitropentan
COC(C)CC(C)C	2-Methoxy-4-methylpentan
CCOC(C)CC(C)C	2-Ethoxy-4-methylpentan
CC(C)CC(C)OC(C)C	2-Methyl-4-(1-methylethoxy)pentan
CC(C)CC(C)OC1=CC=CC=C1	(1,3-Dimethylbutoxy)benzen
CSC(C)CC(C)C	2-Methyl-4-(methylsulfanyl)pentan
CCSC(C)CC(C)C	2-(Ethylsulfanyl)-4-methylpentan
CNC(C)CC(C)C	N,4-Dimethylpentan-2-amin
CCNC(C)CC(C)C	N-Ethyl-4-methylpentan-2-amin
CC(C)CC(C)N(C)C	N,N,4-Trimethylpentan-2-amin
CCN(C)C(C)CC(C)C	N-Ethyl-N,4-dimethylpentan-2-amin
CC(=O)NC(C)CC(C)C	N-(1,3-Dimethylbutyl)ethanamid
CC(C)CC(C)C(=O)O	2,4-Dimethylpentansäure
CC(C)CC(C)C=O	2,4-Dimethylpentanal
CC(C)CC(C)C#N	2,4-Dimethylpentannitril
CC(C)CC(C)C(N)=O	2,4-Dimethylpentanamid
CNC(=O)C(C)CC(C)C	N,2,4-Trimethylpentanamid
CC(C)CC(C)C(=O)N(C)C	N,N,2,4-Tetramethylpentanamid
COC(=O)C(C)CC(C)C	2,4-Dimethylpentansäuremethylester
CCOC(=O)C(C)CC(C)C	2,4-Dimethylpentansäureethylester
CC(C)CC(C)C(=O)OC(C)C	2,4-Dimethylpentansäure(1-methylethyl)ester
CC(=O)OC(C)CC(C)C	Ethansäure(1,3-dimethylbutyl)ester
CC(C)CC(C)OC=O	Methansäure(1,3-dimethylbutyl)ester
CC(=O)C(C)CC(C)C	3,5-Dimethylhexan-2-on
C=CC(C)CC(C)C	3,5-Dimethylhex-1-en
C=CCC(C)CC(C)C	4,6-Dimethylhept-1-en
C/C=C\C(C)CC(C)C	(Z)-4,6-Dimethylhept-2-en
C=C(C)C(C)CC(C)C	2,3,5-Trimethylhex-1-en
CC(C)CC(C)CO	2,4-Dimethylpentan-1-ol
CC(C)CC(C)CCl	1-Chlor-2,4-dimethylpentan
CC(C)CC(C)C(F)(F)F	1,1,1-Trifluor-2,4-dimethylpentan
CC(C)CC(C)C1=CC=CC=C1	(1,3-Dimethylbutyl)benzen
CC(C)CC(C)CC1=CC=CC=C1	(2,4-Dimethylpentyl)benzen
CC(C)CC(C)C1CCCCC1	(1,3-Dimethylbutyl)cyclohexan
CC(C)CC(C)C1CC1	(1,3-Dimethylbutyl)cyclopropan
CC(C)CC(C)C1CCCC1	(1,3-Dimethylbutyl)cyclopentan
CC(C)CC(C)C1=CC=CC=N1	2-(1,3-Dimethylbutyl)pyridin
CC(C)CC(C)C1=CC=CN=C1	3-(1,3-Dimethylbutyl)pyridin
CC(C)CC(C)C1=CC=NC=C1	4-(1,3-Dimethylbutyl)pyridin
CC(C)CC(C)C1=CC=CO1	2-(1,3-Dimethylbutyl)furan
CC(C)CC(C)C1=CSC=C1	3-(1,3-Dimethylbutyl)thiophen
CC(C)CC(C)C1CCCO1	2-(1,3-Dimethylbutyl)oxolan
CC(C)CC(C)N1CCCCC1	1-(1,3-Dimethylbutyl)piperidin
CC(C)CC(C)C1CCCN1	2-(1,3-Dimethylbutyl)pyrrolidin
CC(C)CC(C)C1CCOCC1	4-(1,3-Dimethylbutyl)oxan
CC(C)CCCS	4-Methylpentan-1-thiol
CC(C)CCCN	4-Methylpentan-1-amin
CC(C)CCCF	1-Fluor-4-methylpentan
CC(C)CCCBr	1-Brom-4-methylpentan
CC(C)CCCI	1-Iod-4-methylpentan
CC(C)CCC[N+](=O)[O-]	4-Methyl-1-nitropentan
COCCCC(C)C	1-Methoxy-4-methylpentan
CCOCCCC(C)C	1-Ethoxy-4-methylpentan
CC(C)CCCOC(C)C	4-Methyl-1-(1-methylethoxy)pentan
CC(C)CCCOC1=CC=CC=C1	[(4-Methylpentyl)oxy]benzen
CSCCCC(C)C	4-Methyl-1-(methylsulfanyl)pentan
CCSCCCC(C)C	1-(Ethylsulfanyl)-4-methylpentan
CNCCCC(C)C	N,4-Dimethylpentan-1-amin
CCNCCCC(C)C	N-Ethyl-4-methylpentan-1-amin
CC(C)CCCN(C)C	N,N,4-Trimethylpentan-1-amin
CCN(C)CCCC(C)C	N-Ethyl-N,4-dimethylpentan-1-amin
CC(=O)NCCCC(C)C	N-(4-Methylpentyl)ethanamid
C/C=C\CCC(C)C	(Z)-6-Methylhept-2-en
CC(C)CCCC(=O)O	5-Methylhexansäure
CC(C)CCCC=O	5-Methylhexanal
CC(C)CCCC#N	5-Methylhexannitril
CC(C)CCCC(N)=O	5-Methylhexanamid
CNC(=O)CCCC(C)C	N,5-Dimethylhexanamid
CC(C)CCCC(=O)N(C)C	N,N,5-Trimethylhexanamid
COC(=O)CCCC(C)C	5-Methylhexansäuremethylester
CCOC(=O)CCCC(C)C	5-Methylhexansäureethylester
CC(C)CCCC(=O)OC(C)C	5-Methylhexansäure(1-methylethyl)ester
CC(=O)OCCCC(C)C	Ethansäure(4-methylpentyl)ester
CC(C)CCCOC=O	Methansäure(4-methylpentyl)ester
CC(=O)CCCC(C)C	6-Methylheptan-2-on
C#CCCCC(C)C	6-Methylhept-1-in
C=CCCCCC(C)C	7-Methyloct-1-en
C/C=C\CCCC(C)C	(Z)-7-Methyloct-2-en
C=C(C)CCCC(C)C	2,6-Dimethylhept-1-en
CC(C)CCCCO	5-Methylhexan-1-ol
CC(C)CCCCCl	1-Chlor-5-methylhexan
CC(C)CCCC(F)(F)F	1,1,1-Trifluor-5-methylhexan
CC(C)CCCCC1=CC=CC=C1	(5-Methylhexyl)benzen
CC(C)CCCC1CCCCC1	(4-Methylpentyl)cyclohexan
CC(C)CCCC1CC1	(4-Methylpentyl)cyclopropan
CC(C)CCCC1CCCC1	(4-Methylpentyl)cyclopentan
CC(C)CCCC1=CC=CC=N1	2-(4-Methylpentyl)pyridin
CC(C)CCCC1=CC=CN=C1	3-(4-Methylpentyl)pyridin
CC(C)CCCC1=CC=NC=C1	4-(4-Methylpentyl)pyridin
CC(C)CCCC1=CC=CO1	2-(4-Methylpentyl)furan
CC(C)CCCC1=CSC=C1	3-(4-Methylpentyl)thiophen
CC(C)CCCC1CCCO1	2-(4-Methylpentyl)oxolan
CC(C)CCCN1CCCCC1	1-(4-Methylpentyl)piperidin
CC(C)CCCC1CCCN1	2-(4-Methylpentyl)pyrrolidin
CC(C)CCCC1CCOCC1	4-(4-Methylpentyl)oxan
CCCC(O)CC	Hexan-3-ol
CCCC(S)CC	Hexan-3-thiol
CCCC(N)CC	Hexan-3-amin
CCCC(F)CC	3-Fluorhexan
CCCC(Cl)CC	3-Chlorhexan
CCCC(Br)CC	3-Bromhexan
CCCC(I)CC	3-Iodhexan
CCCC(CC)[N+](=O)[O-]	3-Nitrohexan
CCCC(CC)OC	3-Methoxyhexan
CCCC(CC)OCC	3-Ethoxyhexan
CCCC(CC)OC(C)C	3-(1-Methylethoxy)hexan
CCCC(CC)OC1=CC=CC=C1	(1-Ethylbutoxy)benzen
CCCC(CC)SC	3-(Methylsulfanyl)hexan
CCCC(CC)SCC	3-(Ethylsulfanyl)hexan
CCCC(CC)NC	N-Methylhexan-3-amin
CCCC(CC)NCC	N-Ethylhexan-3-amin
CCCC(CC)N(C)C	N,N-Dimethylhexan-3-amin
CCCC(CC)N(C)CC	N-Ethyl-N-methylhexan-3-amin
CCCC(CC)NC(C)=O	N-(1-Ethylbutyl)ethanamid
CCCC(=O)CC	Hexan-3-on
C/C=C(/CC)CCC	(Z)-3-Ethylhex-2-en
CCCC(CC)C(=O)O	2-Ethylpentansäure
CCCC(C=O)CC	2-Ethylpentanal
CCCC(C#N)CC	2-Ethylpentannitril
CCCC(CC)C(N)=O	2-Ethylpentanamid
CCCC(CC)C(=O)NC	2-Ethyl-N-methylpentanamid
CCCC(CC)C(=O)N(C)C	2-Ethyl-N,N-dimethylpentanamid
CCCC(CC)C(=O)OC	2-Ethylpentansäuremethylester
CCCC(CC)C(=O)OCC	2-Ethylpentansäureethylester
CCCC(CC)C(=O)OC(C)C	2-Ethylpentansäure(1-methylethyl)ester
CCCC(CC)OC(C)=O	Ethansäure(1-ethylbutyl)ester
CCCC(CC)OC=O	Methansäure(1-ethylbutyl)ester
CCCC(CC)C(C)=O	3-Ethylhexan-2-on
C=CCC(CC)CCC	4-Ethylhept-1-en
C/C=C/C(CC)CCC	(E)-4-Ethylhept-2-en
C=C(C)C(CC)CCC	3-Ethyl-2-methylhex-1-en
CCCC(CC)CO	2-Ethylpentan-1-ol
CCCC(CC)CCl	3-(Chlormethyl)hexan
CCCC(CC)C(F)(F)F	3-(Trifluormethyl)hexan
CCCC(CC)C1=CC=CC=C1	(1-Ethylbutyl)benzen
CCCC(CC)CC1=CC=CC=C1	(2-Ethylpentyl)benzen
CCCC(CC)C1CCCCC1	(1-Ethylbutyl)cyclohexan
CCCC(CC)C1CC1	(1-Ethylbutyl)cyclopropan
CCCC(CC)C1CCCC1	(1-Ethylbutyl)cyclopentan
CCCC(CC)C1=CC=CC=N1	2-(1-Ethylbutyl)pyridin
CCCC(CC)C1=CC=CN=C1	3-(1-Ethylbutyl)pyridin
CCCC(CC)C1=CC=NC=C1	4-(1-Ethylbutyl)pyridin
CCCC(CC)C1=CC=CO1	2-(1-Ethylbutyl)furan
CCCC(CC)C1=CSC=C1	3-(1-Ethylbutyl)thiophen
CCCC(CC)C1CCCO1	2-(1-Ethylbutyl)oxolan
CCCC(CC)N1CCCCC1	1-(1-Ethylbutyl)piperidin
CCCC(CC)C1CCCN1	2-(1-Ethylbutyl)pyrrolidin
CCCC(CC)C1CCOCC1	4-(1-Ethylbutyl)oxan
C/C=C\C(CC)CCC	(Z)-4-Ethylhept-2-en
CCCCC(C)O	Hexan-2-ol
CCCCC(C)S	Hexan-2-thiol
CCCCC(C)N	Hexan-2-amin
CCCCC(C)F	2-Fluorhexan
CCCCC(C)Cl	2-Chlorhexan
CCCCC(C)Br	2-Bromhexan
CCCCC(C)I	2-Iodhexan
CCCCC(C)[N+](=O)[O-]	2-Nitrohexan
CCCCC(C)OC	2-Methoxyhexan
CCCCC(C)OCC	2-Ethoxyhexan
CCCCC(C)OC(C)C	2-(1-Methylethoxy)hexan
CCCCC(C)OC1=CC=CC=C1	[(1-Methylpentyl)oxy]benzen
CCCCC(C)SC	2-(Methylsulfanyl)hexan
CCCCC(C)SCC	2-(Ethylsulfanyl)hexan
CCCCC(C)NC	N-Methylhexan-2-amin
CCCCC(C)NCC	N-Ethylhexan-2-amin
CCCCC(C)N(C)C	N,N-Dimethylhexan-2-amin
CCCCC(C)N(C)CC	N-Ethyl-N-methylhexan-2-amin
CCCCC(C)NC(C)=O	N-(1-Methylpentyl)ethanamid
C/C=C(/C)CCCC	(Z)-3-Methylhept-2-en
CCCCC(C)C(=O)O	2-Methylhexansäure
CCCCC(C)C=O	2-Methylhexanal
CCCCC(C)C#N	2-Methylhexannitril
CCCCC(C)C(N)=O	2-Methylhexanamid
CCCCC(C)C(=O)NC	N,2-Dimethylhexanamid
CCCCC(C)C(=O)N(C)C	N,N,2-Trimethylhexanamid
CCCCC(C)C(=O)OC	2-Methylhexansäuremethylester
CCCCC(C)C(=O)OCC	2-Methylhexansäureethylester
CCCCC(C)C(=O)OC(C)C	2-Methylhexansäure(1-methylethyl)ester
CCCCC(C)OC(C)=O	Ethansäure(1-methylpentyl)ester
CCCCC(C)OC=O	Methansäure(1-methylpentyl)ester
CCCCC(C)C(C)=O	3-Methylheptan-2-on
C=CC(C)CCCC	3-Methylhept-1-en
C=CCC(C)CCCC	4-Methyloct-1-en
C/C=C/C(C)CCCC	(E)-4-Methyloct-2-en
C=C(C)C(C)CCCC	2,3-Dimethylhept-1-en
CCCCC(C)CO	2-Methylhexan-1-ol
CCCCC(C)CCl	1-Chlor-2-methylhexan
CCCCC(C)C(F)(F)F	1,1,1-Trifluor-2-methylhexan
CCCCC(C)C1=CC=CC=C1	(1-Methylpentyl)benzen
CCCCC(C)CC1=CC=CC=C1	(2-Methylhexyl)benzen
CCCCC(C)C1CCCCC1	(1-Methylpentyl)cyclohexan
CCCCC(C)C1CC1	(1-Methylpentyl)cyclopropan
CCCCC(C)C1CCCC1	(1-Methylpentyl)cyclopentan
CCCCC(C)C1=CC=CC=N1	2-(1-Methylpentyl)pyridin
CCCCC(C)C1=CC=CN=C1	3-(1-Methylpentyl)pyridin
CCCCC(C)C1=CC=NC=C1	4-(1-Methylpentyl)pyridin
CCCCC(C)C1=CC=CO1	2-(1-Methylpentyl)furan
CCCCC(C)C1=CSC=C1	3-(1-Methylpentyl)thiophen
CCCCC(C)C1CCCO1	2-(1-Methylpentyl)oxolan
CCCCC(C)N1CCCCC1	1-(1-Methylpentyl)piperidin
CCCCC(C)C1CCCN1	2-(1-Methylpentyl)pyrrolidin
CCCCC(C)C1CCOCC1	4-(1-Methylpentyl)oxan
C/C=C(\C)CCCC	(E)-3-Methylhept-2-en
C/C=C\C(C)CCCC	(Z)-4-Methyloct-2-en
CCCCCCS	Hexan-1-thiol
CCCCCCN	Hexan-1-amin
CCCCCCF	1-Fluorhexan
CCCCCCBr	1-Bromhexan
CCCCCCI	1-Iodhexan
CCCCCC[N+](=O)[O-]	1-Nitrohexan
CCCCCCOC	1-Methoxyhexan
CCCCCCOCC	1-Ethoxyhexan
CCCCCCOC(C)C	1-(1-Methylethoxy)hexan
CCCCCCOC1=CC=CC=C1	(Hexyloxy)benzen
CCCCCCSC	1-(Methylsulfanyl)hexan
CCCCCCSCC	1-(Ethylsulfanyl)hexan
CCCCCCNC	N-Methylhexan-1-amin
CCCCCCNCC	N-Ethylhexan-1-amin
CCCCCCN(C)C	N,N-Dimethylhexan-1-amin
CCCCCCN(C)CC	N-Ethyl-N-methylhexan-1-amin
CCCCCCNC(C)=O	N-Hexylethanamid
C/C=C\CCCCC	(Z)-Oct-2-en
CCCCCCC(=O)O	Heptansäure
CCCCCCC=O	Heptanal
CCCCCCC#N	Heptannitril
CCCCCCC(N)=O	Heptanamid
CCCCCCC(=O)NC	N-Methylheptanamid
CCCCCCC(=O)N(C)C	N,N-Dimethylheptanamid
CCCCCCC(=O)OC	Heptansäuremethylester
CCCCCCC(=O)OCC	Heptansäureethylester
CCCCCCC(=O)OC(C)C	Heptansäure(1-methylethyl)ester
CCCCCCOC(C)=O	Ethansäurehexylester
CCCCCCOC=O	Methansäurehexylester
CCCCCCC(C)=O	Octan-2-on
C#CCCCCCC	Oct-1-in
C=CCCCCCCC	Non-1-en
C/C=C/CCCCCC	(E)-Non-2-en
C=C(C)CCCCCC	2-Methyloct-1-en
CCCCCCCO	Heptan-1-ol
CCCCCCCCl	1-Chlorheptan
CCCCCCC(F)(F)F	1,1,1-Trifluorheptan
CCCCCCCC1=CC=CC=C1	Heptylbenzen
CCCCCCC1CCCCC1	Hexylcyclohexan
CCCCCCC1CC1	Hexylcyclopropan
CCCCCCC1CCCC1	Hexylcyclopentan
CCCCCCC1=CC=CC=N1	2-Hexylpyridin
CCCCCCC1=CC=CN=C1	3-Hexylpyridin
CCCCCCC1=CC=NC=C1	4-Hexylpyridin
CCCCCCC1=CC=CO1	2-Hexylfuran
CCCCCCC1=CSC=C1	3-Hexylthiophen
CCCCCCC1CCCO1	2-Hexyloxolan
CCCCCCN1CCCCC1	1-Hexylpiperidin
CCCCCCC1CCCN1	2-Hexylpyrrolidin
CCCCCCC1CCOCC1	4-Hexyloxan
C/C=C\CCCCCC	(Z)-Non-2-en
CCCC(CN)(CC(=O)O)C(C)=O	3-Acetyl-3-(aminomethyl)hexansäure
C=CCC(C)C(CC=C)C(C)(C(=O)NC)C(C)C	N,2,4-Trimethyl-2-(1-methylethyl)-3-(prop-2-enyl)hept-6-enamid
C=C(CC#N)C(C)C(C)CC(N)=O	5-(Cyanomethyl)-3,4-dimethylhex-5-enamid
CC(=O)NCC(C)C(C)(C)C	N-(2,3,3-Trimethylbutyl)ethanamid
C=CC(Br)/C(C)=C(/C)CC/C=C\C	(4Z,8Z)-3-Brom-4,5-dimethyldeca-1,4,8-trien
CC(=O)NCC(C)(C)/C(C)=C\C=O	N-[(Z)-2,2,3-Trimethyl-5-oxopent-3-enyl]ethanamid
C/C=C\CCC(C(N(C)C)C(C)(C)COC)[N+](=O)[O-]	(Z)-1-Methoxy-N,N,2,2-tetramethyl-4-nitronon-7-en-3-amin
CNC(=O)C(C)(N)C(C)C(C)(C)CO	2-Amino-5-hydroxy-N,2,3,4,4-pentamethylpentanamid
C#CC(C)(CC)C(CC)(CC)C(=O)OCC	2,2,3-Triethyl-3-methylpent-4-insäureethylester
C#CC(/C=C/F)(CC(C)=O)C(CC)CC	4-Ethinyl-5-ethyl-4-[(E)-2-fluorethenyl]heptan-2-on
CCC(CCNC)(CC1CCCCC1)C(CO)CC(=O)OC	4-(Cyclohexylmethyl)-4-ethyl-3-(hydroxymethyl)-6-(methylamino)hexansäuremethylester
CCC(C(C)=O)C(C)N(C)C	4-(Dimethylamino)-3-ethylpentan-2-on
CNC(=O)C(CC1CCCCC1)(CC(C)C(C)CO)[N+](=O)[O-]	2-(Cyclohexylmethyl)-6-hydroxy-N,4,5-trimethyl-2-nitrohexanamid
C=C(C)C(N)F	1-Fluor-2-methylprop-2-en-1-amin
CNC(Br)C(CC(C)=O)C(C)C(C)C	4-[Brom(methylamino)methyl]-5,6-dimethylheptan-2-on
COC(=O)C(C(=O)O)C(C)(CO)C(C)C(C)C	3-(Hydroxymethyl)-2-(methoxycarbonyl)-3,4,5-trimethylhexansäure
CCOC(=O)C(C(N)=O)C(C)C(C)CC	2-Carbamoyl-3,4-dimethylhexansäureethylester
C=CCC(C)C(I)(CCC(=O)OC)C(C)C	4-Iod-5-methyl-4-(1-methylethyl)oct-7-ensäuremethylester
C=C(CC)C(C)(C#N)C(N)=O	2-Cyano-2-methyl-3-methylidenpentanamid
CC(C[N+](=O)[O-])C(C)(C)CI	1-Iod-2,2,3-trimethyl-4-nitrobutan
COC(=O)CC(O)(CS)CC(C)(C)C	3-Hydroxy-5,5-dimethyl-3-(sulfanylmethyl)hexansäuremethylester
C/C=C\CC(C=O)(C[N+](=O)[O-])C(=O)NC	(Z)-2-Formyl-N-methyl-2-(nitromethyl)hex-4-enamid
C#CCC(C)(CI)[N+](=O)[O-]	5-Iod-4-methyl-4-nitropent-1-in
C=C(C)C(CC)(CC)NC(C)=O	N-(1,1-Diethyl-2-methylprop-2-enyl)ethanamid
CCCC(C)(I)C(=O)NC	2-Iod-N,2-dimethylpentanamid
C#CC(CC(C)C#N)C(CC)C(C)C	4-Ethinyl-5-ethyl-2,6-dimethylheptannitril
CNC(=O)C(C)C(C=O)(C(C)C)C(C)C(C)CO	3-Formyl-6-hydroxy-N,2,4,5-tetramethyl-3-(1-methylethyl)hexanamid
C=CCC(CBr)(C(=O)O)C(C)(C)CC1CCCCC1	2-(Brommethyl)-2-(2-cyclohexyl-1,1-dimethylethyl)pent-4-ensäure
C/C=C\C(CCCC)C(I)(CNC(C)=O)CSC	N-{2-Iod-2-[(methylsulfanyl)methyl]-3-[(Z)-prop-1-enyl]heptyl}ethanamid
C=CC/C=C(\C)C(CC(C)(C)Cl)SC	(E)-8-Chlor-5,8-dimethyl-6-(methylsulfanyl)nona-1,4-dien
CCOC(=O)C(C)(C)CC(CSC)(CC1CCCCC1)C(=O)O	2-(Cyclohexylmethyl)-5-ethoxy-4,4-dimethyl-2-[(methylsulfanyl)methyl]-5-oxopentansäure
COC(=O)C(CO)(CC(C)C)CC(CC(=O)O)NC(C)=O	3-(Acetylamino)-5-(hydroxymethyl)-5-(methoxycarbonyl)-7-methyloctansäure
C=C(CCCC)C(C(=O)OC)C1=CC=CC=C1	3-Methyliden-2-phenylheptansäuremethylester
CC(C[N+](=O)[O-])C(C)(Cl)C(C)(CC1CCCCC1)C1=CC=CC=C1	[2-Chlor-1-(cyclohexylmethyl)-1,2,3-trimethyl-4-nitrobutyl]benzen
C=CC(CCO)([N+](=O)[O-])C(C)(F)CC	3-Ethenyl-4-fluor-4-methyl-3-nitrohexan-1-ol
C/C=C(\Cl)CCC(C)C(C)Br	(Z)-7-Brom-3-chlor-6-methyloct-2-en
C=CCCC(S)CS	Hex-5-en-1,2-dithiol
COC(OC(C)=O)C(C)(C)CC(C)=O	Ethansäure(1-methoxy-2,2-dimethyl-4-oxopentyl)ester
CCC(CO)(CBr)CC(C)N	4-Amino-2-(brommethyl)-2-ethylpentan-1-ol
C=CCCC(CC=C)CC(=O)OCC	3-(Prop-2-enyl)hept-6-ensäureethylester
CCC(CC1=CC=CC=C1)(CC(C)C)NC(C)=O	N-[1-Ethyl-3-methyl-1-(phenylmethyl)butyl]ethanamid
CC(C)CCC(C)(C(C=O)CI)C(C)C(N)=O	3-[1-(Iodmethyl)-2-oxoethyl]-2,3,6-trimethylheptanamid
C=CC(C)C(C)C(=C)C(C)C1CCCCC1	(1,3,4-Trimethyl-2-methylidenhex-5-enyl)cyclohexan
CCCC(C)(C(C)C)C(N)CC	4-Methyl-4-(1-methylethyl)heptan-3-amin
CCOCC(C#N)(CCCSC)C(=O)OC	2-Cyano-2-(ethoxymethyl)-5-(methylsulfanyl)pentansäuremethylester
C/C=C/C(=O)C(C)C(C(=O)O)(C1CCCCC1)C(C)(C)C	(E)-2-Cyclohexyl-2-(1,1-dimethylethyl)-3-methyl-4-oxohept-5-ensäure
C=C(OCC)C(C)(CC)/C(=C\C(=O)OCC)C(N)=O	(E)-3-Carbamoyl-5-ethoxy-4-ethyl-4-methylhexa-2,5-diensäureethylester
C=CC(C)(COC)C(C)CC	3-(Methoxymethyl)-3,4-dimethylhex-1-en
CCOC(=O)C(C)(CC)CC#N	2-(Cyanomethyl)-2-methylbutansäureethylester
CCCC(C)(C)COCC	1-Ethoxy-2,2-dimethylpentan
C=C(C)C(CC)(CCCl)[N+](=O)[O-]	5-Chlor-3-ethyl-2-methyl-3-nitropent-1-en
C=CCC(C)(COC)CC(I)CC	6-Iod-4-(methoxymethyl)-4-methyloct-1-en
CC(CF)C(C)(CN)C(Cl)I	2-(Chloriodmethyl)-4-fluor-2,3-dimethylbutan-1-amin
CC(C)(C)C(C)(C)CBr	1-Brom-2,2,3,3-tetramethylbutan
CCC(C)(OC(C)=O)C(Cl)CCCCCl	Ethansäure(2,6-dichlor-1-ethyl-1-methylhexyl)ester
CCC(SC)C(C)(CC#N)C(Cl)[N+](=O)[O-]	3-(Chlornitromethyl)-3-methyl-4-(methylsulfanyl)hexannitril
CCC(=O)C(Br)(OC)C(C)CC	4-Brom-4-methoxy-5-methylheptan-3-on
C=CCC(Cl)CC	4-Chlorhex-1-en
CCC(C)CC(C#N)OC	2-Methoxy-4-methylhexannitril
C=CCC(F)(C(C)C)C(C)(COC)OC(C)=O	Ethansäure[2-fluor-1-(methoxymethyl)-1-methyl-2-(1-methylethyl)pent-4-enyl]ester
CCC(NC(C)=O)(C(C)=O)C(S)OC	N-{1-Ethyl-1-[methoxy(sulfanyl)methyl]-2-oxopropyl}ethanamid
CCCC(COCC)C(C)S	3-(Ethoxymethyl)hexan-2-thiol
CC/C=C(/C(C)C)C(F)C(=O)OC	(Z)-2-Fluor-3-(1-methylethyl)hex-3-ensäuremethylester
CCCCC(CC(CC(N)=O)(C(N)=O)C(=O)OC)C1CCCCC1	2-(2-Amino-2-oxoethyl)-2-carbamoyl-4-cyclohexyloctansäuremethylester
CCC(C(N)CCO)C(C)(C)I	3-Amino-4-ethyl-5-iod-5-methylhexan-1-ol
C=CC(CCC)CC(C)OCC	4-Ethenyl-2-ethoxyheptan
CCC(C)C(C)CF	1-Fluor-2,3-dimethylpentan
CC(CO)C(C)(C)CC#N	5-Hydroxy-3,3,4-trimethylpentannitril
CC(I)CC(C)(C)C(C)CO	5-Iod-2,3,3-trimethylhexan-1-ol
CNC(CCC(C)COC)COC	1,6-Dimethoxy-N,5-dimethylhexan-2-amin
C=CCCC(C=C)(CC)CCl	3-(Chlormethyl)-3-ethylhepta-1,6-dien
O=[N+]([O-])CCCCCCC(F)CC1CCCCC1	(2-Fluor-8-nitrooctyl)cyclohexan
CCC(C)CC(C)C(C)N	3,5-Dimethylheptan-2-amin
CCOC(=O)CC(C)C(C)COC(C)=O	5-(Acetyloxy)-3,4-dimethylpentansäureethylester
CCC(CCCl)C(C)NC(C)=O	N-(4-Chlor-2-ethyl-1-methylbutyl)ethanamid
C=CC(C)C(CC)C(C(=O)OCC)C(C)I	3-Ethyl-2-(1-iodethyl)-4-methylhex-5-ensäureethylester
CC(=O)NCCC(CC(C)(CCC(=O)O)C(N)=O)N(C)C	8-(Acetylamino)-4-carbamoyl-6-(dimethylamino)-4-methyloctansäure
CNC(F)CCC#N	4-Fluor-4-(methylamino)butannitril
C=CC(CBr)C(C)C(C)C	3-(Brommethyl)-4,5-dimethylhex-1-en
CCC(CCNC(C)=O)C(C)C(C)=O	N-(3-Ethyl-4-methyl-5-oxohexyl)ethanamid
C=CC(Br)C=O	2-Brombut-3-enal
CCCC(CCI)(C1CCCCC1)C(I)C1CCCCC1	[1-(Cyclohexyliodmethyl)-1-(2-iodethyl)butyl]cyclohexan
CCCCCC(C)(CC(=O)NC)C1=CC=CC=C1	N,3-Dimethyl-3-phenyloctanamid
C#CC(/C=C/C)(CC)C(C(C)C#N)N(C)C	(E)-3-(Dimethylamino)-4-ethinyl-4-ethyl-2-methylhept-5-ennitril
CCOC(=O)C(C)C(C)C(C)(C)CSC	2,3,4,4-Tetramethyl-5-(methylsulfanyl)pentansäureethylester
CCOC(=O)C(N)(CC(CC)(CC)CC)SC	2-Amino-4,4-diethyl-2-(methylsulfanyl)hexansäureethylester
C#CC(SC)C(CC)C(=C)CCC(N)=O	5-Ethyl-4-methyliden-6-(methylsulfanyl)oct-7-inamid
C#CC(C)(CCCCC)C(=O)OC	2-Ethinyl-2-methylheptansäuremethylester
CC(=O)C(O)C(C)/C=C(/C=O)C(C)C	(E)-5-Hydroxy-4-methyl-2-(1-methylethyl)-6-oxohept-2-enal
CCCCC(C#N)C(C)C	2-(1-Methylethyl)hexannitril
CCC(C(=O)O)C(C)(CC)CC	2,3-Diethyl-3-methylpentansäure
C#CCCC(C)C(S)C(C)C	2,4-Dimethyloct-7-in-3-thiol
CCC(CC(C)C(N)=O)C(C)C	4-Ethyl-2,5-dimethylhexanamid
CCC(CCC(C)C)C(C)C#N	3-Ethyl-2,6-dimethylheptannitril
C=C(Br)CCC(C)COC(C)=O	Ethansäure(5-brom-2-methylhex-5-enyl)ester
C#CCC(C)C(S)(CC)CC	3-Ethyl-4-methylhept-6-in-3-thiol
C#CC(C=C)(C(C)N)C(C)NC	3-Ethenyl-3-ethinyl-N-methylpentan-2,4-diamin
C#CC(=C)CC(Br)C(C)(C)C	5-Brom-6,6-dimethyl-3-methylidenhept-1-in
C#CC(C)(CCl)C(N)(CC)C(C)OCC	4-(Chlormethyl)-2-ethoxy-3-ethyl-4-methylhex-5-in-3-amin
CCC(C)C(C)C(C)(C(=O)O)C(C)C	2,3,4-Trimethyl-2-(1-methylethyl)hexansäure
CCC(F)(CC=O)CC(C)C	3-Ethyl-3-fluor-5-methylhexanal
COCCC(Cl)(Br)CCC(C)C1CCCCC1	(4-Brom-4-chlor-6-methoxy-1-methylhexyl)cyclohexan
CC(C)C(C)C(C#N)CC(N)=O	3-Cyano-4,5-dimethylhexanamid
CNC(C(C)C)C(C)CCl	1-Chlor-N,2,4-trimethylpentan-3-amin
CC(=O)OCC(C)C(CCCl)C1=CC=CC=C1	Ethansäure(5-chlor-2-methyl-3-phenylpentyl)ester
CC(=O)C(C)C(C)Cl	4-Chlor-3-methylpentan-2-on
C=CC(C)(C)C(C)(C(CCl)COC)N(C)C	1-Chlor-2-(methoxymethyl)-N,N,3,4,4-pentamethylhex-5-en-3-amin
C=CC(CCC)(CCSC)CCC(N)=O	4-Ethenyl-4-[2-(methylsulfanyl)ethyl]heptanamid
CCC(C)(C)C(C#N)C1=CC=CC=C1	3,3-Dimethyl-2-phenylpentannitril
CCCCCCCBr	1-Bromheptan
C=CC(C)(C)CCC(C)/C=C/C	(E)-3,3,6-Trimethylnona-1,7-dien
CNC(Cl)C(C)C(C)(O)C(C)CC(C)=O	7-Chlor-5-hydroxy-4,5,6-trimethyl-7-(methylamino)heptan-2-on
CCC(C=O)C(C)CN	4-Amino-2-ethyl-3-methylbutanal
CCC(CCC(C)C(=O)O)CC1CCCCC1	5-(Cyclohexylmethyl)-2-methylheptansäure
C#CC(C=O)CC(CC)(CS)CCC(=O)O	4-Ethyl-6-formyl-4-(sulfanylmethyl)oct-7-insäure
CCCCC(NC(C)=O)C(CC)NC(C)=O	N-[2-(Acetylamino)-1-ethylhexyl]ethanamid
C/C(CO)=C(/CO)C(N)=O	(E)-4-Hydroxy-2-(hydroxymethyl)-3-methylbut-2-enamid
C=CC(CC(C)C)(C1=CC=CC=C1)C(C)C	[1-Ethenyl-3-methyl-1-(1-methylethyl)butyl]benzen
CC(C)C(C)C(CO)C(C)N	2-(1-Aminoethyl)-3,4-dimethylpentan-1-ol
C=C([N+](=O)[O-])C(C)(CC)C(C)C1=CC=CC=C1	(2-Ethyl-1,2-dimethyl-3-nitrobut-3-enyl)benzen
CNCC(C)(C(C)C)C(C)(OC(C)=O)C1CCCCC1	Ethansäure{1-cyclohexyl-1,2,3-trimethyl-2-[(methylamino)methyl]butyl}ester
C/C=C\C(/C=C(\CF)C(C)(C)C)[N+](=O)[O-]	(2Z,5Z)-6-(Fluormethyl)-7,7-dimethyl-4-nitroocta-2,5-dien
CCCCCC(C)(CCO)CC(N)=O	3-(2-Hydroxyethyl)-3-methyloctanamid
C=CCC(=C(C)C)C(C)(C)CO	2,2-Dimethyl-3-(1-methylethyliden)hex-5-en-1-ol
CCC(CI)(CC(C)=O)C(C)C	4-Ethyl-4-(iodmethyl)-5-methylhexan-2-on
CCCC(C(C(=O)OC)C1=CC=CC=C1)C(C)(C)F	3-(1-Fluor-1-methylethyl)-2-phenylhexansäuremethylester
CCCC(CC)C(C)(C)CC1CCCCC1	(3-Ethyl-2,2-dimethylhexyl)cyclohexan
CC(CC=O)C(C)(C)C	3,4,4-Trimethylpentanal
CCC(C1CCCCC1)C(I)C(C)C(C)NC(C)=O	N-(4-Cyclohexyl-3-iod-1,2-dimethylhexyl)ethanamid
C=CCCC(C)C(C)C(C)(SC)C(C1=CC=CC=C1)C(C)C	[2,3,4-Trimethyl-1-(1-methylethyl)-2-(methylsulfanyl)oct-7-enyl]benzen
C/C=C/CC(C)C(CSC)C(C)Cl	(E)-7-Chlor-5-methyl-6-[(methylsulfanyl)methyl]oct-2-en
C=CC(C(C)C)C1CCCCC1	[1-(1-Methylethyl)prop-2-enyl]cyclohexan
CCC(C)C(CCO)(CN(C)C)C(S)C(=O)OC	3-[(Dimethylamino)methyl]-3-(2-hydroxyethyl)-4-methyl-2-sulfanylhexansäuremethylester
CC(C)C(CC(=O)O)C[N+](=O)[O-]	4-Methyl-3-(nitromethyl)pentansäure
C=CCC(NC(C)=O)C(C(=O)NC)C(C=C)CCC1CCCCC1	3-(Acetylamino)-2-[1-(2-cyclohexylethyl)prop-2-enyl]-N-methylhex-5-enamid
C#CC(CC(C)=O)C(CC)CCOC(C)=O	Ethansäure(4-ethinyl-3-ethyl-6-oxoheptyl)ester
C#CCC(CS)(COC(C)=O)CN(C)C	Ethansäure{2-[(dimethylamino)methyl]-2-(sulfanylmethyl)pent-4-inyl}ester
C=CC(CC(C)C(=O)OCC)C(/C=C/C)(CBr)OCC	(E)-5-(Brommethyl)-4-ethenyl-5-ethoxy-2-methyloct-6-ensäureethylester
CCC(CCC1CCCCC1)(C(=O)O)C(=O)NC	4-Cyclohexyl-2-ethyl-2-(methylcarbamoyl)butansäure
C#CC(C)(CBr)CNC	2-(Brommethyl)-N,2-dimethylbut-3-in-1-amin
CNCC(Cl)C=O	2-Chlor-3-(methylamino)propanal
CCOC(=O)CCC(Br)C(CC)CC(C)C(=O)O	5-Brom-8-ethoxy-4-ethyl-2-methyl-8-oxooctansäure
CCOC(=O)C(C)C(C=O)C(C)(C(C)C)C(C)OCC	4-(1-Ethoxyethyl)-3-formyl-2,4,5-trimethylhexansäureethylester
CCC(=O)C(CC)N(C)C	4-(Dimethylamino)hexan-3-on
C=CC(CC)(C(=O)OCC)C(CC)CO	2-Ethenyl-2-ethyl-3-(hydroxymethyl)pentansäureethylester
CCCC(C)(C)C[N+](=O)[O-]	2,2-Dimethyl-1-nitropentan
C=CCC(C)(CC(=O)NC)C(C)C	N,3-Dimethyl-3-(1-methylethyl)hex-5-enamid
CCC(C)C(Cl)C(=O)OC	2-Chlor-3-methylpentansäuremethylester
CCC(I)CCCC(C=O)OC	6-Iod-2-methoxyoctanal
C=CC(C)C(C)C(C)(C=C)CNC	2-Ethenyl-N,2,3,4-tetramethylhex-5-en-1-amin
CC/C(=C\S)C(C)(C)CN	(E)-4-Amino-2-ethyl-3,3-dimethylbut-1-en-1-thiol
C=CCC(CC(C=C)/C=C/C[N+](=O)[O-])C(C)C1CCCCC1	[(E)-4-Ethenyl-1-methyl-7-nitro-2-(prop-2-enyl)hept-5-enyl]cyclohexan
C=CC(C)(C)C(C)(C)CC(=O)OCC	3,3,4,4-Tetramethylhex-5-ensäureethylester
CCC(C)C(C)C(C)(Cl)C1=CC=CC=C1	(1-Chlor-1,2,3-trimethylpentyl)benzen
CCC(C)(CC)C(CNC)(SC)N(C)C	3-Ethyl-N,N′,N′,3-tetramethyl-2-(methylsulfanyl)pentan-1,2-diamin
CCC(C(=O)O)C(C)(C)/C=C\NC	(Z)-2-Ethyl-3,3-dimethyl-5-(methylamino)pent-4-ensäure
C=CCCC(C)(CC(C)CCN(C)C)C(N)=O	2-[4-(Dimethylamino)-2-methylbutyl]-2-methylhex-5-enamid
CC(C(F)C=O)C(C)(C)CS	2-Fluor-3,4,4-trimethyl-5-sulfanylpentanal
CNC(=O)C(C)C(C(C)CC(N)=O)C(C)N(C)C	3-[1-(Dimethylamino)ethyl]-N,2,4-trimethylhexandiamid
CC(=O)OCCC(C)CCO	Ethansäure(5-hydroxy-3-methylpentyl)ester
CC(=O)NCC(C)(C)C(C)(CN(C)C)C(N)C#N	N-{4-Amino-4-cyano-3-[(dimethylamino)methyl]-2,2,3-trimethylbutyl}ethanamid
COC(=O)C(CC(C)C)C(C)(C)C1=CC=CC=C1	4-Methyl-2-(1-methyl-1-phenylethyl)pentansäuremethylester
C=CC(C)CC(C)(Cl)C=C	3-Chlor-3,5-dimethylhepta-1,6-dien
CCC(C(=O)OC)/C(NC)=C(/C)COC(C)=O	(E)-5-(Acetyloxy)-2-ethyl-4-methyl-3-(methylamino)pent-3-ensäuremethylester
CCCC(CC)(C(=O)OC)C(C)(C)C1CCCCC1	2-(1-Cyclohexyl-1-methylethyl)-2-ethylpentansäuremethylester
N#CCC(N)CC(=O)O	3-Amino-4-cyanobutansäure
CCC(C)(C)CCCCC1CCCCC1	(5,5-Dimethylheptyl)cyclohexan
C=CC/C(C)=C(/CCCBr)CCC(=O)OC	(E)-4-(3-Brompropyl)-5-methylocta-4,7-diensäuremethylester
CC(C)CC(C)(C)CC(C)C	2,4,4,6-Tetramethylheptan
CCCC(C)(C)C(C)(C)CC(=O)OC	3,3,4,4-Tetramethylheptansäuremethylester
CC(CCCCC(=O)O)CC1=CC=CC=C1	6-Methyl-7-phenylheptansäure
C=CC(C(=C)CC(C)CC(C)C)C1=CC=CC=C1	(1-Ethenyl-4,6-dimethyl-2-methylidenheptyl)benzen
CCCC(C(N)=O)C(C)(C)CC(=O)OCC	4-Carbamoyl-3,3-dimethylheptansäureethylester
CSCC(C)CC(C)(C)C	2,4,4-Trimethyl-1-(methylsulfanyl)pentan
CNC(=O)CCCCC(=O)O	6-(Methylamino)-6-oxohexansäure
C=C(CCC(C1=CC=CC=C1)C(CO)C(=O)NC)C(=O)NC	2-(Hydroxymethyl)-N,N′-dimethyl-6-methyliden-3-phenylheptandiamid
CCC(CC(N)=O)CC(OC)C(=O)O	6-Amino-4-ethyl-2-methoxy-6-oxohexansäure
CCCC(C)(C)C(Br)NC	1-Brom-N,2,2-trimethylpentan-1-amin
CC(C)C(C)(C)CN	2,2,3-Trimethylbutan-1-amin
CCC(C)(CCCS)C(C)=O	3-Ethyl-3-methyl-6-sulfanylhexan-2-on
C=CCCCCSC	6-(Methylsulfanyl)hex-1-en
CCCCC(C=O)NC	2-(Methylamino)hexanal
C=CCC(C)(C)C/C=C(\C)C=O	(E)-2,5,5-Trimethylocta-2,7-dienal
CCC(C)(C(=O)NC)C(C)(C)CNC(C)=O	4-(Acetylamino)-2-ethyl-N,2,3,3-tetramethylbutanamid
CCC(C(Br)CSC)C(C)(C)C(=O)NC	4-Brom-3-ethyl-N,2,2-trimethyl-5-(methylsulfanyl)pentanamid
C=C(C)C(I)(COC(C)=O)OCC	Ethansäure(2-ethoxy-2-iod-3-methylbut-3-enyl)ester
CCOC(C)(COC(C)=O)CC(C)(C)C	Ethansäure(2-ethoxy-2,4,4-trimethylpentyl)ester
CC(C)CC(C)CS	2,4-Dimethylpentan-1-thiol
C/C=C/C(C(C)C)C(C)(CI)C(C)C(C)C	(E)-5-(Iodmethyl)-5,6,7-trimethyl-4-(1-methylethyl)oct-2-en
C=CC(CC(=C)C)CC1CCCCC1	(2-Ethenyl-4-methylpent-4-enyl)cyclohexan
CNC(=O)C(C)(CC(=O)O)[N+](=O)[O-]	3-Methyl-4-(methylamino)-3-nitro-4-oxobutansäure
C=CC(C)(CC1CCCCC1)C(C)(C)CCC	(2-Ethenyl-2,3,3-trimethylhexyl)cyclohexan
CCOC(=O)C(CCC(C)C(C)(CCO)NC(C)=O)C(C)C	6-(Acetylamino)-8-hydroxy-5,6-dimethyl-2-(1-methylethyl)octansäureethylester
CCCC(CCNC)C(C)(F)N(C)C	4-Fluor-N,N′,N′-trimethyl-3-propylpentan-1,4-diamin
C=C(CC)C(S)CC(C)C	2-Methyl-5-methylidenheptan-4-thiol
CCOC(=O)C(C)(C)C(C)CC(C)C=O	2,2,3,5-Tetramethyl-6-oxohexansäureethylester
C#CC(C=O)C(CC(C)CC)NC	2-Ethinyl-5-methyl-3-(methylamino)heptanal
COCC(OC)C(C)OC(C)=O	Ethansäure(2,3-dimethoxy-1-methylpropyl)ester
C=CC(C)CCC(C)(C=O)CCCO	2-(3-Hydroxypropyl)-2,5-dimethylhept-6-enal
CC(=O)CCCC(C)(CC#N)C(C=O)CS	3-(1-Formyl-2-sulfanylethyl)-3-methyl-7-oxooctannitril
CC(=O)OCCC(C)C(C)(C)CC(N)=O	Ethansäure(6-amino-3,4,4-trimethyl-6-oxohexyl)ester
C=CC/C(C)=C\CO	(Z)-3-Methylhexa-2,5-dien-1-ol
CCOC(=O)C(I)(CC(C)(C)C)C(C)C	2-Iod-4,4-dimethyl-2-(1-methylethyl)pentansäureethylester
CCOCC(I)C(F)(CC(C)C)NC(C)=O	N-[1-(2-Ethoxy-1-iodethyl)-1-fluor-3-methylbutyl]ethanamid
CCOC(=O)C(CC)(CC(C)C)C1=CC=CC=C1	2-Ethyl-4-methyl-2-phenylpentansäureethylester
CC(C)(C)C(CO)C1CCCCC1	2-Cyclohexyl-3,3-dimethylbutan-1-ol
CCC(CCC(C)(C)C(=O)OC)[N+](=O)[O-]	2,2-Dimethyl-5-nitroheptansäuremethylester
C=CCC(C)(CF)C(C)(C(N)=O)C1=CC=CC=C1	3-(Fluormethyl)-2,3-dimethyl-2-phenylhex-5-enamid
CCCC(C)(CF)CCO	3-(Fluormethyl)-3-methylhexan-1-ol
C=CC(NC(C)=O)(OC(C)=O)C(I)C#N	Ethansäure[1-(acetylamino)-1-(cyanoiodmethyl)prop-2-enyl]ester
CCOC(=O)C(C)C(C)(CC(=O)NC)C(CN(C)C)OC(C)=O	4-(Acetyloxy)-5-(dimethylamino)-2,3-dimethyl-3-[2-(methylamino)-2-oxoethyl]pentansäureethylester
CCOCC(CC)C(CC)(C(=O)O)C(I)OCC	2-(Ethoxyiodmethyl)-3-(ethoxymethyl)-2-ethylpentansäure
C/C=C\C(C)(N)CCC	(Z)-4-Methylhept-2-en-4-amin
COC(C)C[N+](=O)[O-]	2-Methoxy-1-nitropropan
CC(C)C(C)C(C)C(C=O)C1CCCCC1	2-Cyclohexyl-3,4,5-trimethylhexanal
CCOC(=O)C/C=C(/CCF)C(C)C	(Z)-4-(2-Fluorethyl)-5-methylhex-3-ensäureethylester
CCCC(C)C(CC(C)=O)C(C)C	5-Methyl-4-(1-methylethyl)octan-2-on
C=CCC(C)C(/C=C\C)(C(C)C)[N+](=O)[O-]	(Z)-4-Methyl-5-(1-methylethyl)-5-nitroocta-1,6-dien
CC(CF)C(C)(C)N	4-Fluor-2,3-dimethylbutan-2-amin
CCOC(=O)CC(NC)C(C)CC(CC=O)C1=CC=CC=C1	4-Methyl-3-(methylamino)-8-oxo-6-phenyloctansäureethylester
CCCC(CC)CC(C)(S)CC1CCCCC1	1-Cyclohexyl-4-ethyl-2-methylheptan-2-thiol
CCCC(C)(C)C(C(=O)OC)C(C)CNC(C)=O	2-[2-(Acetylamino)-1-methylethyl]-3,3-dimethylhexansäuremethylester
C=CCCC(C)(C=C)C(COC(C)=O)C(C)CCl	Ethansäure[2-(2-chlor-1-methylethyl)-3-ethenyl-3-methylhept-6-enyl]ester
C=CC(OC)C(C)(C)CCO	4-Methoxy-3,3-dimethylhex-5-en-1-ol
C=CC(C)(C)CC(C(C)C1=CC=CC=C1)N(C)C	N,N,5,5-Tetramethyl-2-phenylhept-6-en-3-amin
CC(=O)NCC(C)C(C#N)C1=CC=CC=C1	N-(3-Cyano-2-methyl-3-phenylpropyl)ethanamid
C=CC/C=C(/C)CC(C(C=O)CS)[N+](=O)[O-]	(Z)-5-Methyl-3-nitro-2-(sulfanylmethyl)nona-5,8-dienal
CCCC(/C(Cl)=C/C(=O)O)C(C)S	(Z)-3-Chlor-4-(1-sulfanylethyl)hept-2-ensäure
CCC(CC)(CC(COC)C1CCCCC1)NC(C)=O	N-(3-Cyclohexyl-1,1-diethyl-4-methoxybutyl)ethanamid
CCOCC(C)(CC)C(C)C	3-(Ethoxymethyl)-2,3-dimethylpentan
C=CC(C)C(CC#N)(CCC=O)CCCO	3-(3-Hydroxypropyl)-4-methyl-3-(3-oxopropyl)hex-5-ennitril
CC(=O)C(C)C(Cl)CC(=O)O	3-Chlor-4-methyl-5-oxohexansäure
C=C(CN(C)C)C(C)(C)CC(C)C	N,N,3,3,5-Pentamethyl-2-methylidenhexan-1-amin
C#CC(CC)C(C)C(C)C(C)CSC	3-Ethyl-4,5,6-trimethyl-7-(methylsulfanyl)hept-1-in
CNC/C(=C(/C)C(O)C(C)=O)C(C)OC	(E)-3-Hydroxy-6-methoxy-4-methyl-5-[(methylamino)methyl]hept-4-en-2-on
CCOC(S)C(C)(CCl)CCCOC(C)=O	Ethansäure[4-(chlormethyl)-5-ethoxy-4-methyl-5-sulfanylpentyl]ester
C=CC(O)(CC(C)CC(C)SC)C1=CC=CC=C1	5-Methyl-7-(methylsulfanyl)-3-phenyloct-1-en-3-ol
CCCC(CC1CCCCC1)CC(C)OC(C)=O	Ethansäure[3-(cyclohexylmethyl)-1-methylhexyl]ester
C=CC(C)CC(C)=O	4-Methylhex-5-en-2-on
CC(C)CC(CN)CCC(N)=O	4-(Aminomethyl)-6-methylheptanamid
CC(=O)CC(CC=O)CC(C)(C)C	5,5-Dimethyl-3-(2-oxopropyl)hexanal
C=CCCC(C(C)C)C(C(=O)OCC)C(CN(C)C)C(=O)O	2-[(Dimethylamino)methyl]-3-(ethoxycarbonyl)-4-(1-methylethyl)oct-7-ensäure
CCCC(C)(CBr)C(C)O	3-(Brommethyl)-3-methylhexan-2-ol
C=CCCC(C(=O)OCC)C(CC)(CC)CF	2-[1-Ethyl-1-(fluormethyl)propyl]hex-5-ensäureethylester
COC(C)(C)CCC(C)(C)C(C)=O	6-Methoxy-3,3,6-trimethylheptan-2-on
C#CC(C)C(C)(CNC)C(C)C(=O)OC	2,3,4-Trimethyl-3-[(methylamino)methyl]hex-5-insäuremethylester
C#CCCCC(C)C(F)CC	7-Fluor-6-methylnon-1-in
C=C(C)CCCC[N+](=O)[O-]	2-Methyl-6-nitrohex-1-en
C=C(CNC(C)=O)C(CBr)C(C)C	N-[3-(Brommethyl)-4-methyl-2-methylidenpentyl]ethanamid
C=C(C(CC)C(CC[N+](=O)[O-])OC(C)=O)[N+](=O)[O-]	Ethansäure[2-ethyl-3-nitro-1-(2-nitroethyl)but-3-enyl]ester
CCC(CC(C)CI)C(Br)NC	1-Brom-2-ethyl-5-iod-N,4-dimethylpentan-1-amin
CC(CCCO)CC(C)C1CCCCC1	6-Cyclohexyl-4-methylheptan-1-ol
CCC(CS)C(C)CCl	4-Chlor-2-ethyl-3-methylbutan-1-thiol
CCC(SC)(C(C)C)N(C)C	N,N,2-Trimethyl-3-(methylsulfanyl)pentan-3-amin
CCC(C)(C(C)C)C(OC(C)=O)C(=O)OC	2-(Acetyloxy)-3-ethyl-3,4-dimethylpentansäuremethylester
CCOC(=O)C(CC)(NC(C)=O)/C(=C\F)CCOC	(Z)-2-(Acetylamino)-2-ethyl-3-(fluormethyliden)-5-methoxypentansäureethylester
C=CCC(C)(C(C)C)C(C)C(C(=O)O)C(C)C	3,4-Dimethyl-2,4-bis(1-methylethyl)hept-6-ensäure
CCC(C)(C)CCCN(C)C	N,N,4,4-Tetramethylhexan-1-amin
CC(C)(C[N+](=O)[O-])C(N)(C=O)[N+](=O)[O-]	2-Amino-3,3-dimethyl-2,4-dinitrobutanal
CCOCC(C)CC(I)CC	1-Ethoxy-4-iod-2-methylhexan
CCCC(C)(CC)C(OC)C1CCCCC1	(2-Ethyl-1-methoxy-2-methylpentyl)cyclohexan
C/C=C/CC(C)(C)CC(C)C(F)C(N)=O	(E)-2-Fluor-3,5,5-trimethylnon-7-enamid
CCOC(=O)C(CCC(COC(C)=O)OC)C(=O)O	6-(Acetyloxy)-2-(ethoxycarbonyl)-5-methoxyhexansäure
COC(C)(C)C(C)(C)Br	2-Brom-3-methoxy-2,3-dimethylbutan
CCC(CC)(CCI)COC	3-Ethyl-1-iod-3-(methoxymethyl)pentan
C=C(C)CC(CC(=O)O)(C(N)=O)C(=O)O	2-Carbamoyl-2-(2-methylprop-2-enyl)butandisäure
C#CC(C)(CC(C)CCCC=C)NC	N,3,5-Trimethyldec-9-en-1-in-3-amin
CCC(C)(C)CC(NC)C(C)=O	5,5-Dimethyl-3-(methylamino)heptan-2-on
C=CC(C(C)=O)C(C)(C=C)CCOC(C)=O	Ethansäure(4-acetyl-3-ethenyl-3-methylhex-5-enyl)ester
CCCC(SC)C(C)(C)NC	N,2-Dimethyl-3-(methylsulfanyl)hexan-2-amin
C=C(C(=O)OC)C(CC)COCC	3-(Ethoxymethyl)-2-methylidenpentansäuremethylester
C/C=C\C(C)/C(=C/C)C(CC)NC	(4Z,6Z)-4-Ethyliden-N,5-dimethyloct-6-en-3-amin
C=CCCC(CC(C)CC)C(C)C1=CC=CC=C1	[1-Methyl-2-(2-methylbutyl)hex-5-enyl]benzen
CCOC(C)(C(=O)OC)C(C)COC(C)=O	4-(Acetyloxy)-2-ethoxy-2,3-dimethylbutansäuremethylester
COC(=O)CC(C)([N+](=O)[O-])C(C)(C)CO	5-Hydroxy-3,4,4-trimethyl-3-nitropentansäuremethylester
CSC(C)(CCO)C(C)(C)CCNC(C)=O	N-[6-Hydroxy-3,3,4-trimethyl-4-(methylsulfanyl)hexyl]ethanamid
CCC(CCBr)(C(N)=O)C(C)CO	2-(2-Bromethyl)-2-ethyl-4-hydroxy-3-methylbutanamid
C#CC(CC(C)F)C(C)SC	5-Fluor-3-[1-(methylsulfanyl)ethyl]hex-1-in
C=CCCC(C)(Br)C(C)C	5-Brom-5,6-dimethylhept-1-en
CC(=O)NCCCC(CC#N)(CC1=CC=CC=C1)C1CCCCC1	N-[4-(Cyanomethyl)-4-cyclohexyl-5-phenylpentyl]ethanamid
CNC(=O)CCC(C)C(C)=O	N,4-Dimethyl-5-oxohexanamid
C=CC(CCCC)CCNC(C)=O	N-(3-Ethenylheptyl)ethanamid
CCC(C)C(N)CBr	1-Brom-3-methylpentan-2-amin
COCCC(C)CCN	5-Methoxy-3-methylpentan-1-amin
C=CCC(C)(CO)C(C)C(=O)OC	3-(Hydroxymethyl)-2,3-dimethylhex-5-ensäuremethylester
C=CC(C(C)=O)C(CCC)CC(=O)OCC	4-Acetyl-3-propylhex-5-ensäureethylester
C#CC(Br)C(C)(C)CC(C)COC(C)=O	Ethansäure(5-brom-2,4,4-trimethylhept-6-inyl)ester
CCC(CC(=O)NC)C(C)(C)CI	3-Ethyl-5-iod-N,4,4-trimethylpentanamid
CCOCC(C)(C=O)CC(N)=O	3-(Ethoxymethyl)-3-methyl-4-oxobutanamid
CC(C(=O)O)C(C)C(C)(C)CN(C)C	5-(Dimethylamino)-2,3,4,4-tetramethylpentansäure
CCCCCC(C)C(C)(CO)[N+](=O)[O-]	2,3-Dimethyl-2-nitrooctan-1-ol
COCC(CC1CCCCC1)C(C)(C)C	[2-(Methoxymethyl)-3,3-dimethylbutyl]cyclohexan
CCC(C)C(O)CF	1-Fluor-3-methylpentan-2-ol
COC(F)C(C)C(C)CBr	4-Brom-1-fluor-1-methoxy-2,3-dimethylbutan
CC/C=C/C(C1=CC=CC=C1)C(C)C#N	(E)-2-Methyl-3-phenylhept-4-ennitril
C=C(CC(C)C=O)C(C)=O	2-Methyl-4-methyliden-5-oxohexanal
CCOC(=O)CC(OC)C(CC)C(C)(C#N)C(C)=O	5-Cyano-4-ethyl-3-methoxy-5-methyl-6-oxoheptansäureethylester
CC(=O)NCCC(C)C(C)C(C)=O	N-(3,4-Dimethyl-5-oxohexyl)ethanamid
COC(=O)C(C)C(C)(CC(=O)O)CC(C)C	3-(2-Methoxy-1-methyl-2-oxoethyl)-3,5-dimethylhexansäure
C=C(OC(C)=O)C(C)(CCl)C(C)S	Ethansäure[2-(chlormethyl)-2-methyl-1-methyliden-3-sulfanylbutyl]ester
C=CC(C)(C)C(C)(C)CCNC	N,3,3,4,4-Pentamethylhex-5-en-1-amin
C/C=C\CC(C)C(C)C(C)CC(C)C	(Z)-5,6,7,9-Tetramethyldec-2-en
CC(C)C(Cl)CCCC(Cl)I	1,5-Dichlor-1-iod-6-methylheptan
C#CCCCC(C)C(C)C	6,7-Dimethyloct-1-in
CCC(C)(CCCCOC(C)=O)C(=O)NC	Ethansäure[5-methyl-5-(methylcarbamoyl)heptyl]ester
CCOC(CC)C(O)(C(=O)NC)C(C)(C)C=O	2-(1,1-Dimethyl-2-oxoethyl)-3-ethoxy-2-hydroxy-N-methylpentanamid
C=CC(C)(CC)C(C)(C)CCO	4-Ethyl-3,3,4-trimethylhex-5-en-1-ol
CCOC(C(/C=C\C(C)(C)C)SC)N(C)C	(Z)-1-Ethoxy-N,N,5,5-tetramethyl-2-(methylsulfanyl)hex-3-en-1-amin
CCCCC/C(C)=C(\C(=O)OCC)C1=CC=CC=C1	(Z)-3-Methyl-2-phenyloct-2-ensäureethylester
CSC(C1=CC=CC=C1)C(C)(C)S	2-Methyl-1-(methylsulfanyl)-1-phenylpropan-2-thiol
C#CC(C)CC(C)(CCC[N+](=O)[O-])[N+](=O)[O-]	3,5-Dimethyl-5,8-dinitrooct-1-in
CC(C)(Br)CC(C)(C)CC(N)=O	5-Brom-3,3,5-trimethylhexanamid
CC(C)/C=C/CC(C)(C(C)C)C(C)C	(E)-2,6,7-Trimethyl-6-(1-methylethyl)oct-3-en
NCCCCN	Butan-1,4-diamin
C#CCC(C)CC(C)(O)CCOC	1-Methoxy-3,5-dimethyloct-7-in-3-ol
CC(F)(CC(=O)O)CC1=CC=CC=C1	3-Fluor-3-methyl-4-phenylbutansäure
CNCC(C)(CS)CCCCC1CCCCC1	6-Cyclohexyl-2-methyl-2-[(methylamino)methyl]hexan-1-thiol
C=CCC(C)(CC#N)CC(=O)NC	3-(Cyanomethyl)-N,3-dimethylhex-5-enamid
CCCC(C=O)(NC(C)=O)SC	N-[1-Formyl-1-(methylsulfanyl)butyl]ethanamid
CCOCCC(OC)C(C)F	1-Ethoxy-4-fluor-3-methoxypentan
C=CC(C)(/C=C\C)C(C)CC(C)C[N+](=O)[O-]	(Z)-4-Ethenyl-4,5,7-trimethyl-8-nitrooct-2-en
C=CCC(CS)(C(=O)NC)C(C)CC(=O)OCC	3-Methyl-4-(methylcarbamoyl)-4-(sulfanylmethyl)hept-6-ensäureethylester
C=CC(O)C(C)CCC(=C)C	4,7-Dimethylocta-1,7-dien-3-ol
C=CC/C(=C(\C)CN(C)C)C(S)C(C)(C)C	(Z)-4-[2-(Dimethylamino)-1-methylethyliden]-2,2-dimethylhept-6-en-3-thiol
CC(C)(C)C(C)(C)CN	2,2,3,3-Tetramethylbutan-1-amin
C=C(CCCC)C(C)(NC)C(C)=O	3-Methyl-3-(methylamino)-4-methylidenoctan-2-on
CCC(C)(CC)CC(C#N)C(N)=O	2-Cyano-4-ethyl-4-methylhexanamid
CCOCC(COC(C)=O)C(C)(C)CC	Ethansäure[2-(ethoxymethyl)-3,3-dimethylpentyl]ester
C#CC(C)(CCCCCC#N)SC	7-Methyl-7-(methylsulfanyl)non-8-innitril
CNC(=O)C(C)(C)C(C)(C)C	N,2,2,3,3-Pentamethylbutanamid
C=C(CC(N)C(=O)O)OCC	2-Amino-4-ethoxypent-4-ensäure
CCOCC(C)(CC#N)CC(C)(CO)CNC	3-(Ethoxymethyl)-5-(hydroxymethyl)-3,5-dimethyl-6-(methylamino)hexannitril
C/C=C\C(CC)(C(=O)OCC)C(OC(C)=O)C(C)NC	(Z)-2-[1-(Acetyloxy)-2-(methylamino)propyl]-2-ethylpent-3-ensäureethylester
COC(=O)C(=O)C(CC1CCCCC1)C(C)(C)CN	5-Amino-3-(cyclohexylmethyl)-4,4-dimethyl-2-oxopentansäuremethylester
C/C=C\C(CC)CCC(CC)C(C)=O	(Z)-3,6-Diethylnon-7-en-2-on
CCOC(=O)C(SC)C(C)C	3-Methyl-2-(methylsulfanyl)butansäureethylester
CCC(C=O)CCCC(N)=O	5-Formylheptanamid
CCCC(C(C)C#N)C(OC(C)=O)(SC)C1CCCCC1	Ethansäure[2-(1-cyanoethyl)-1-cyclohexyl-1-(methylsulfanyl)pentyl]ester
CC(=O)NC(C)C(C(C)=O)C(C)CC1CCCCC1	N-(2-Acetyl-4-cyclohexyl-1,3-dimethylbutyl)ethanamid
C=CCCCC(C)CCC(=O)O	4-Methylnon-8-ensäure
C#CCCC(C=C)COC	3-(Methoxymethyl)hept-1-en-6-in
C#CC(/C=C\C)C(C(C)C)C(C)(C)CC(C)C	(Z)-4-Ethinyl-6,6,8-trimethyl-5-(1-methylethyl)non-2-en
C/C=C/CC(C)(I)C(C)(C)CC	(E)-5-Iod-5,6,6-trimethyloct-2-en
CCOCC(/C=C/CC(C)(Cl)Br)CC(=O)O	(E)-7-Brom-7-chlor-3-(ethoxymethyl)oct-4-ensäure
C=CCC(C)(C(=O)NC)C(C)C	N,2-Dimethyl-2-(1-methylethyl)pent-4-enamid
CNCC(C)(CI)C(O)C(C)C	1-Iod-2,4-dimethyl-2-[(methylamino)methyl]pentan-3-ol
COC(=O)C(SC)([N+](=O)[O-])C(C)(C)C(C)C	3,3,4-Trimethyl-2-(methylsulfanyl)-2-nitropentansäuremethylester
CCCC(C)(CC[N+](=O)[O-])CC1CCCCC1	[2-Methyl-2-(2-nitroethyl)pentyl]cyclohexan
CC(C)CCC(S)CI	1-Iod-5-methylhexan-2-thiol
C=C(C)C(Cl)C(=O)NC	2-Chlor-N,3-dimethylbut-3-enamid
CCCC(C)(CCC)CCN(C)C	N,N,3-Trimethyl-3-propylhexan-1-amin
C#CCCC(C)(C=C)CC	3-Ethyl-3-methylhept-1-en-6-in
CNC(C)(C=C(C)C)CCI	1-Iod-N,3,5-trimethylhex-4-en-3-amin
CCCCC(C)CSC	2-Methyl-1-(methylsulfanyl)hexan
CCCC(C)C/C(=C/CO)C(C)C	(Z)-5-Methyl-3-(1-methylethyl)oct-2-en-1-ol
COC(CCO)CC/C=C\C(C)C	(Z)-3-Methoxy-8-methylnon-6-en-1-ol
C/C=C/CCC(C)(N)C(=O)O	(E)-2-Amino-2-methylhept-5-ensäure
C=CC(=C)CC	3-Methylidenpent-1-en
CNCCC(C)(C(C)C(C)=O)C(C)(S)CO	6-Hydroxy-3,4,5-trimethyl-4-[2-(methylamino)ethyl]-5-sulfanylhexan-2-on
CCCC(C#N)CC#N	2-Propylbutandinitril
C=C(C)C(SC)C(C)(Br)CC	4-Brom-2,4-dimethyl-3-(methylsulfanyl)hex-1-en
CC(C)/C=C\C(N)C(C=O)C1CCCCC1	(Z)-3-Amino-2-cyclohexyl-6-methylhept-4-enal
CC(C)C(C)C(Cl)C(C)C1CCCCC1	(2-Chlor-1,3,4-trimethylpentyl)cyclohexan
CCC(C)(CS)CC(=O)C#N	4-Methyl-2-oxo-4-(sulfanylmethyl)hexannitril
CCOCC(C)(C=O)CCl	2-(Chlormethyl)-3-ethoxy-2-methylpropanal
CC(C)(CCO)C(C)(C)CC(=O)O	6-Hydroxy-3,3,4,4-tetramethylhexansäure
C=C(OCC)C(C)(CC)CC=O	4-Ethoxy-3-ethyl-3-methylpent-4-enal
CCC(CCOC)C(C)COC	3-Ethyl-1,5-dimethoxy-2-methylpentan
CCCC(C)C(C)(CS)COC	2-(Methoxymethyl)-2,3-dimethylhexan-1-thiol
CC(C(N)=O)C(C)(C)C(C)(C)CF	5-Fluor-2,3,3,4,4-pentamethylpentanamid
CCC(CCNC(C)=O)C(C)(C)S	N-(3-Ethyl-4-methyl-4-sulfanylpentyl)ethanamid
C=CCC(CCC)CC(C)I	6-Iod-4-propylhept-1-en
C=CC/C(=C/C)CCC1CCCCC1	[(E)-3-Ethylidenhex-5-enyl]cyclohexan
CCCC(CSC)C(C)C(NC)NC(C)=O	N-{2-Methyl-1-(methylamino)-3-[(methylsulfanyl)methyl]hexyl}ethanamid
CCC(C)(C(C)F)C(C)Cl	2-Chlor-3-ethyl-4-fluor-3-methylpentan
C=CCC(C)(CC(C(=C)NC)C1CCCCC1)C[N+](=O)[O-]	3-Cyclohexyl-N,5-dimethyl-5-(nitromethyl)octa-1,7-dien-2-amin
C=CCC(CC)(CC)OC	4-Ethyl-4-methoxyhex-1-en
C=CCCC(C)(C)COC	6-Methoxy-5,5-dimethylhex-1-en
C/C=C/CC(C)(O)C(/C=C/C)NC	(2E,7E)-5-Methyl-4-(methylamino)nona-2,7-dien-5-ol
CC(=O)OC(C)(CC#N)C(F)C(C)(C)C	Ethansäure[1-(cyanomethyl)-2-fluor-1,3,3-trimethylbutyl]ester
CCOC(C)CC(C)CCC=O	6-Ethoxy-4-methylheptanal
CCC(C(C)C)C(C)(C#N)C1=CC=CC=C1	3-Ethyl-2,4-dimethyl-2-phenylpentannitril
C=CCC(CC)CC(Cl)CCC	6-Chlor-4-ethylnon-1-en
COC(N)(/C=C\C(=O)O)C[N+](=O)[O-]	(Z)-4-Amino-4-methoxy-5-nitropent-2-ensäure
CCCC(CO)(OC(C)=O)C(C)(C)C#N	Ethansäure[1-(1-cyano-1-methylethyl)-1-(hydroxymethyl)butyl]ester
CCC(C)(CO)CC(C(C)C)C(C)C	2-Ethyl-2,5-dimethyl-4-(1-methylethyl)hexan-1-ol
C=CCC(C)(C#N)CCC	2-Methyl-2-propylpent-4-ennitril
CCC(C)C(CC)(CC)C(C)C	3,3-Diethyl-2,4-dimethylhexan
CCC(CCC(C)CC(=O)OC)CC(=O)O	3-Ethyl-8-methoxy-6-methyl-8-oxooctansäure
C/C=C(\CS)C(C)N(C)C	(Z)-2-[1-(Dimethylamino)ethyl]but-2-en-1-thiol
CCOC(N)(CC)CCO	3-Amino-3-ethoxypentan-1-ol
C=CCCC(N)(CC)C(CC)C(C)CC(C)C	5,6-Diethyl-7,9-dimethyldec-1-en-5-amin
CC([N+](=O)[O-])C(C)(C)CC(N)=O	3,3-Dimethyl-4-nitropentanamid
CSCC(C)(CCl)C(C)(C)CI	1-Chlor-4-iod-2,3,3-trimethyl-2-[(methylsulfanyl)methyl]butan
CCOCC(C)(C)C(C)(C)C	1-Ethoxy-2,2,3,3-tetramethylbutan
CNC(=O)CC(=O)CCC(C)(C)C(=O)O	2,2-Dimethyl-7-(methylamino)-5,7-dioxoheptansäure
C#CC(CC)(CC(C)=O)[N+](=O)[O-]	4-Ethyl-4-nitrohex-5-in-2-on
C/C=C\C(C/C=C(\C)I)C(F)C1CCCCC1	{(E)-1-Fluor-5-iod-2-[(Z)-prop-1-enyl]hex-4-enyl}cyclohexan
C=CC(NC(C)=O)C(C(=O)NC)C(C)CN(C)C	3-(Acetylamino)-2-[2-(dimethylamino)-1-methylethyl]-N-methylpent-4-enamid
C=C(CC(Br)C(C)C)C(C)(N)C(C)C(C)=O	4-Amino-7-brom-3,4,8-trimethyl-5-methylidennonan-2-on
CCO/C=C(/C)C(C)CBr	(Z)-4-Brom-1-ethoxy-2,3-dimethylbut-1-en
C=CC(C)(CC)CBr	3-(Brommethyl)-3-methylpent-1-en
CCCC(C)(C)C(C)(C)C(CC)C(=O)O	2-Ethyl-3,3,4,4-tetramethylheptansäure
C=CCC(C)(CC)C(C)(C=C)C=C	3-Ethenyl-4-ethyl-3,4-dimethylhepta-1,6-dien
CCCC(CO)CN(C)C	2-[(Dimethylamino)methyl]pentan-1-ol
C=C(CCC)C(F)CC(=O)OCC	3-Fluor-4-methylidenheptansäureethylester
C=CC(C)C(CCNC(C)=O)CC(=O)O	3-[2-(Acetylamino)ethyl]-4-methylhex-5-ensäure
C=CCC(C)(C)C(C)(CCO)CC(=O)NC	3-(2-Hydroxyethyl)-N,3,4,4-tetramethylhept-6-enamid
C=C/C=C(/CSC)CC(C)C(OC)SC	(E)-7-Methoxy-6-methyl-7-(methylsulfanyl)-4-[(methylsulfanyl)methyl]hepta-1,3-dien
CC(=O)NC(C)CC(C)CCBr	N-(5-Brom-1,3-dimethylpentyl)ethanamid
CCC(CSC)(C(N)=O)C(C)C=O	2-Ethyl-3-methyl-2-[(methylsulfanyl)methyl]-4-oxobutanamid
C#CC(CC)CC(Cl)C(CC)C(C)=O	4-Chlor-3,6-diethyloct-7-in-2-on
C=CCC(C)CC(C)(C(C)=O)C(C)C(=O)O	3-Acetyl-2,3,5-trimethyloct-7-ensäure
CCOCC(C)(N)C(SC)SC	3-Ethoxy-2-methyl-1,1-bis(methylsulfanyl)propan-2-amin
CCC(C)(C)C(C)(CC1=CC=CC=C1)C(N)C1CCCCC1	1-Cyclohexyl-2,3,3-trimethyl-2-(phenylmethyl)pentan-1-amin
C=CCC(C)(CCC)CC(=O)O	3-Methyl-3-propylhex-5-ensäure
CC(C)C(C[N+](=O)[O-])C(C)(C#N)CN(C)C	2-[(Dimethylamino)methyl]-2,4-dimethyl-3-(nitromethyl)pentannitril
CC(/C=C(\CO)CCS)CC1=CC=CC=C1	(Z)-4-Methyl-5-phenyl-2-(2-sulfanylethyl)pent-2-en-1-ol
CC(=O)N/C=C(/I)CN(C)C	N-[(E)-3-(Dimethylamino)-2-iodprop-1-enyl]ethanamid
CC(=O)OC(S)C(CC(C)C)/C(C)=C(/C)CC(C)C	Ethansäure[(Z)-3,4,6-trimethyl-2-(2-methylpropyl)-1-sulfanylhept-3-enyl]ester
CNC/C(C)=C/CC(C)CC(=O)NC	(E)-N,3,6-Trimethyl-7-(methylamino)hept-5-enamid
CCCC(CC)(CC=O)C(C)C1CCCCC1	3-(1-Cyclohexylethyl)-3-ethylhexanal
CCOC(=O)CC(C)(C)OC	3-Methoxy-3-methylbutansäureethylester
CNCC(C)(C)C(C)(C)C(C(C)=O)[N+](=O)[O-]	4,4,5,5-Tetramethyl-6-(methylamino)-3-nitrohexan-2-on
C=C(CCCC)C(C)Br	2-Brom-3-methylidenheptan
C/C=C/C(C)CCCC1CCCCC1	[(E)-4-Methylhept-5-enyl]cyclohexan
CCOC(=O)C(C)(C(N)=O)C(C)(CC)CCC(=O)NC	2-Carbamoyl-3-ethyl-2,3-dimethyl-6-(methylamino)-6-oxohexansäureethylester
C=CC(CI)(CC#N)CC1=CC=CC=C1	3-(Iodmethyl)-3-(phenylmethyl)pent-4-ennitril
CC(C)CC(C(C)CO)C(C)CN(C)C	3-[2-(Dimethylamino)-1-methylethyl]-2,5-dimethylhexan-1-ol
CCC(CO)C(C)(CN)C(C)CO	3-(Aminomethyl)-2-ethyl-3,4-dimethylpentan-1,5-diol
CCCC(C(=O)O)C(CC(CN)[N+](=O)[O-])NC(C)=O	3-(Acetylamino)-6-amino-5-nitro-2-propylhexansäure
C=CCC(CS)(CC(N)=O)C(C)(C)C/C=C\C	(Z)-4,4-Dimethyl-3-(prop-2-enyl)-3-(sulfanylmethyl)oct-6-enamid
CCCC(C)(CC)CNC(C)=O	N-(2-Ethyl-2-methylpentyl)ethanamid
CC(CF)CCC(C)(I)CC=O	7-Fluor-3-iod-3,6-dimethylheptanal
C#CCC(CC)C(C)(C#C)CC=C	4-Ethinyl-5-ethyl-4-methyloct-1-en-7-in
C/C(=C\C(C)CF)CC(N)=O	(E)-6-Fluor-3,5-dimethylhex-3-enamid
CCOC(=O)CCC(C)(C(C)C(=O)O)C(C)C(=O)OC	6-Ethoxy-3-(2-methoxy-1-methyl-2-oxoethyl)-2,3-dimethyl-6-oxohexansäure
C=C(F)C(C)(Br)CC(N)C(C)C(C)=O	4-Amino-6-brom-7-fluor-3,6-dimethyloct-7-en-2-on
CC(=O)OC(N(C)C)C(C)(C)C	Ethansäure[1-(dimethylamino)-2,2-dimethylpropyl]ester
C=C/C(C)=C(/C)C(I)(C=C)C(C)=O	(Z)-3-Ethenyl-3-iod-4,5-dimethylhepta-4,6-dien-2-on
CNC(N(C)C)C(C)(C)/C=C/CCC#N	(E)-7-(Dimethylamino)-6,6-dimethyl-7-(methylamino)hept-4-ennitril
C=C(CC)C(C)C(C)(CO)C(=O)OCC	2-(Hydroxymethyl)-2,3-dimethyl-4-methylidenhexansäureethylester
C=CCC(=C)C(CC)(CC#N)CC=O	3-Ethyl-4-methyliden-3-(2-oxoethyl)hept-6-ennitril
CCCCC(C)(C=O)C(C)NC	2-Methyl-2-[1-(methylamino)ethyl]hexanal
C=CC(C(CN(C)C)C(C)=O)C(C)(C)C(=O)O	4-[(Dimethylamino)methyl]-3-ethenyl-2,2-dimethyl-5-oxohexansäure
CCCC(C(C)C)C(OC(C)=O)C(C)C	Ethansäure[1,2-bis(1-methylethyl)pentyl]ester
CCOCC(C)C(CC)CCC(=O)OC	6-Ethoxy-4-ethyl-5-methylhexansäuremethylester
C=CCC(CC)(OCC)C(C)(CCC)C(C)NC(C)=O	N-(3-Ethoxy-3-ethyl-1,2-dimethyl-2-propylhex-5-enyl)ethanamid
CCC(F)CCC=O	4-Fluorhexanal
CC(=O)CC(C)(C)CCC(C)CO	8-Hydroxy-4,4,7-trimethyloctan-2-on
CCCC(CO)CCC(C)(F)OCC	5-Ethoxy-5-fluor-2-propylhexan-1-ol
CCCCC(C)(CC1=CC=CC=C1)CC(C)C	[2-Methyl-2-(2-methylpropyl)hexyl]benzen
CCC(C)(CC(CO)SC)C(C)=O	3-Ethyl-6-hydroxy-3-methyl-5-(methylsulfanyl)hexan-2-on
C=CC(C)(C)C(CC)CCC1CCCCC1	(3-Ethyl-4,4-dimethylhex-5-enyl)cyclohexan
C=CC(C)(CC1CCCCC1)CC(C)[N+](=O)[O-]	(2-Ethenyl-2-methyl-4-nitropentyl)cyclohexan
C#CC(CCCC)CC(C)(C=O)[N+](=O)[O-]	4-Ethinyl-2-methyl-2-nitrooctanal
C/C=C\C(C)(C)C(CC)CC	(Z)-5-Ethyl-4,4-dimethylhept-2-en
CSC(F)C(C)(C)C	1-Fluor-2,2-dimethyl-1-(methylsulfanyl)propan
CSC(N)(CF)CCCBr	5-Brom-1-fluor-2-(methylsulfanyl)pentan-2-amin
CN/C(=C(\C)C(C)CC=O)C(C=O)SC	(E)-4,5-Dimethyl-3-(methylamino)-2-(methylsulfanyl)hept-3-endial
C=CCCC(CC(C)[N+](=O)[O-])C(=O)NC	N-Methyl-2-(2-nitropropyl)hex-5-enamid
CCC(C)(CN)C(C)CNC	2-Ethyl-N′,2,3-trimethylbutan-1,4-diamin
CCC(/C=C\C=O)C(F)S	(Z)-4-[Fluor(sulfanyl)methyl]hex-2-enal
CCCC(CCC=O)C(C)=O	4-Acetylheptanal
CC(=O)NCC(C)(C)CN	N-(3-Amino-2,2-dimethylpropyl)ethanamid
CCCCCC(CCNC)SC	N-Methyl-3-(methylsulfanyl)octan-1-amin
C=CCCC(C)CO	2-Methylhex-5-en-1-ol
CCOCC(C=O)C(C)C(C)C	2-(Ethoxymethyl)-3,4-dimethylpentanal
CS/C=C(/S)C(C)C(=O)O	(E)-2-Methyl-4-(methylsulfanyl)-3-sulfanylbut-3-ensäure
CNC(=O)C(CC#N)C(C)C	2-(Cyanomethyl)-N,3-dimethylbutanamid
CCC(N)(S)CC	3-Aminopentan-3-thiol
CCOC(/C(C)=C/C(C)(C)CC)C(NC(C)=O)[N+](=O)[O-]	N-[(E)-2-Ethoxy-3,5,5-trimethyl-1-nitrohept-3-enyl]ethanamid
C=C(C(N)O)[N+](=O)[O-]	1-Amino-2-nitroprop-2-en-1-ol
C/C=C\CC(CC(N)=O)C(C)C(C)CO	(Z)-3-(3-Hydroxy-1,2-dimethylpropyl)hept-5-enamid
CCC(O)CCBr	1-Brompentan-3-ol
C#CC(C#C)C(C)C(CCOCC)C(C)C	3-Ethinyl-5-(2-ethoxyethyl)-4,6-dimethylhept-1-in
CC(=O)OC(C(C)CC=O)C(CO)CCO	Ethansäure{1-[3-hydroxy-1-(hydroxymethyl)propyl]-2-methyl-4-oxobutyl}ester
CCOC(=O)CCC(C)C(CC)(CS)C(=O)OCC	2-Ethyl-3-methyl-2-(sulfanylmethyl)hexandisäurediethylester
CCCCCC(CC)(C(=O)NC)C(C)C1=CC=CC=C1	2-Ethyl-N-methyl-2-(1-phenylethyl)heptanamid
C=C(C)CC(C)/C(C=O)=C/CC=O	(Z)-2-(1,3-Dimethylbut-3-enyl)pent-2-endial
C=C/C(=C\C(=O)O)C(=C)C1=CC=CC=C1	(E)-3-Ethenyl-4-phenylpenta-2,4-diensäure
CNCC(C)(N)CC(C)=O	4-Amino-4-methyl-5-(methylamino)pentan-2-on
CCC/C(C)=C(\CCN)C(C)(C)C(C)C	(E)-4-Methyl-3-(1,1,2-trimethylpropyl)hept-3-en-1-amin
CCC(C)(C)C(C)(C)CI	1-Iod-2,2,3,3-tetramethylpentan
CCC(C)C(C)(C)CCC(C)(C)CC	3,3,6,6,7-Pentamethylnonan
C/C=C\C(C)(CC)C(CC)(CC(C)C)C(C)[N+](=O)[O-]	(Z)-4,5-Diethyl-4,7-dimethyl-5-(1-nitroethyl)oct-2-en
CCOC(=O)C/C=C(/C(C)C1=CC=CC=C1)C(C)(C)C	(Z)-5,5-Dimethyl-4-(1-phenylethyl)hex-3-ensäureethylester
CCCCC(C)CC(C)(C)C(C)(C)C	2,2,3,3,5-Pentamethylnonan
CCCC(C)C(C)(C)CC(C)(C)CC	3,3,5,5,6-Pentamethylnonan
CCC(C)(CS)C(C)(C(C)C)C(C)(C)C	2-Ethyl-2,3,4,4-tetramethyl-3-(1-methylethyl)pentan-1-thiol
CCCC(C)(C)C(CC)(CCC)CCC=O	4-Ethyl-5,5-dimethyl-4-propyloctanal
C/C=C(/C)C(C)(C)CCC	(Z)-3,4,4-Trimethylhept-2-en
CC/C(C)=C/C(C)(C#N)CC	(E)-2-Ethyl-2,4-dimethylhex-3-ennitril
CCC(S)C(C)C(CO)C(C)=C(C)C	2-(1,2-Dimethylprop-1-enyl)-3-methyl-4-sulfanylhexan-1-ol
C#CC(CC)(CC(CC)CCCO)C(C)(N)CC	7-Amino-6-ethinyl-4,6-diethyl-7-methylnonan-1-ol
CCC(C)(C(C)C(C)C)C(C)(C)CC(N)=O	4-Ethyl-3,3,4,5,6-pentamethylheptanamid
C#C/C=C\C(C)(CC)CCC	(Z)-5-Ethyl-5-methyloct-3-en-1-in
CCCC(C)(C(C)(C)Br)C(C)(C)COC(C)=O	Ethansäure[3-(1-brom-1-methylethyl)-2,2,3-trimethylhexyl]ester
C=CC(C(C)C)C(C)(C)CC	4,4-Dimethyl-3-(1-methylethyl)hex-1-en
CC/C=C(CC)/C(C)=C(/C)CC	(3Z,5E)-5-Ethyl-3,4-dimethylocta-3,5-dien
C=C/C(CCC)=C(/C)C(Br)C1=CC=CC=C1	[(Z)-1-Brom-3-ethenyl-2-methylhex-2-enyl]benzen
CCCCC(C)(CCC)CC(C)CSC	2,4-Dimethyl-1-(methylsulfanyl)-4-propyloctan
C/C=C/CC(C)C(C)(CC)C(C)I	(E)-6-Ethyl-7-iod-5,6-dimethyloct-2-en
C=CC(C(C)(C)C)C(CC)(CC)CCCC(=O)OCC	6-(1,1-Dimethylethyl)-5,5-diethyloct-7-ensäureethylester
CCC(C)(CNC)C(N)C(C)(C)CC(=O)OC	4-Amino-3,3,5-trimethyl-5-[(methylamino)methyl]heptansäuremethylester
CC/C(C)=C(\C)C/C=C/CC1CCCCC1	[(2E,5E)-5,6-Dimethylocta-2,5-dienyl]cyclohexan
CC(CC(C)C(C)(C)C(C)(C)C)C1=CC=CC=C1	(1,3,4,4,5,5-Hexamethylhexyl)benzen
C#CCC(=C)CC(CC)(CC)C(C)C	6,6-Diethyl-7-methyl-4-methylidenoct-1-in
CCCC(C)C(CCC)C(C)C	4-Methyl-5-(1-methylethyl)octan
CC(CCO)C(C)C(C)(C(C)C)C(C)C	3,4,5,6-Tetramethyl-5-(1-methylethyl)heptan-1-ol
CCC/C(=C(/CC)CO)C(CC)CC	(E)-2,4-Diethyl-3-propylhex-2-en-1-ol
CCC(C)(C)C=C(C)C	2,4,4-Trimethylhex-2-en
C=CCC(C)CC(C(CC=C)OC)C(C)C(=C)C	5-(1,2-Dimethylprop-2-enyl)-4-methoxy-7-methyldeca-1,9-dien
C=C(CCCC)C(C)(CC)CCNC(C)=O	N-(3-Ethyl-3-methyl-4-methylidenoctyl)ethanamid
C=CC(CCC)(CC(=O)OC)C(C)(CC)CCC	3-Ethenyl-4-ethyl-4-methyl-3-propylheptansäuremethylester
CCCC(CC)(CC(C)C)CC(C)(CC)CC1=CC=CC=C1	(2,4-Diethyl-2,6-dimethyl-4-propylheptyl)benzen
CCCC(C)C(C)C(C)(C)C	2,2,3,4-Tetramethylheptan
C=CC(C)C(CO)C(CC)(CC)C(C)C(=O)NC	3,3-Diethyl-4-(hydroxymethyl)-N,2,5-trimethylhept-6-enamid
C=C(C)C(C)(C)C(C)(CC)CC	4-Ethyl-2,3,3,4-tetramethylhex-1-en
C/C=C\C(Cl)C(CC)(C(CC)C(C)C)C(C)(C)C	(Z)-4-Chlor-5-(1,1-dimethylethyl)-5,6-diethyl-7-methyloct-2-en
CC#CCC(C)(C)C(C)CC(C/C=C\C)[N+](=O)[O-]	(Z)-7,8,8-Trimethyl-5-nitrododec-2-en-10-in
C#CC(OC(C)=O)C(C)(C)C(=O)CC	Ethansäure(1-ethinyl-2,2-dimethyl-3-oxopentyl)ester
C=CC(CC#N)C(C)(C(=O)NC)C(C)(CC)C(C)C	3-(Cyanomethyl)-2-(1-ethyl-1,2-dimethylpropyl)-N,2-dimethylpent-4-enamid
C=C(C)CC(C)C(CC)(CC)C(=C)C	3,3-Diethyl-2,4,6-trimethylhepta-1,6-dien
CCC(C)C(C(C(=O)O)C(C)(C)C(=O)OC)C(C)(C)C(C)=O	2-(2-Methoxy-1,1-dimethyl-2-oxoethyl)-4,4-dimethyl-3-(1-methylpropyl)-5-oxohexansäure
CCC(/C=C/NC(C)=O)(C(C)CO)C(C)(C)C(C)[N+](=O)[O-]	N-[(E)-3-Ethyl-3-(2-hydroxy-1-methylethyl)-4,4-dimethyl-5-nitrohex-1-enyl]ethanamid
C=CC(C)(C)C(/C=C/CCC)CCC	(E)-3,3-Dimethyl-4-propylnona-1,5-dien
CCC(C)(C(C)C)C(C)CC(C)C	3-Ethyl-2,3,4,6-tetramethylheptan
C=C(C)C(C(C)C)(C(C)CBr)C(C)(C)C	3-(2-Brom-1-methylethyl)-2,4,4-trimethyl-3-(1-methylethyl)pent-1-en
CC/C=C(/CCC(C)C)C(/C=C\COC(C)=O)CC	Ethansäure[(2Z,5Z)-4-ethyl-8-methyl-5-propylidennon-2-enyl]ester
C=C(C)C(C)C(C)(CC)CC(C)(C)C	4-Ethyl-2,3,4,6,6-pentamethylhept-1-en
C=C(CC)C(C)(CC(C)(C)C)C(CC)C1=CC=CC=C1	[1-Ethyl-2,4,4-trimethyl-2-(1-methylidenpropyl)pentyl]benzen
C=C(C)C(C)(N)C(CC)C(C)(C)/C=C\C(=O)OC	(Z)-6-Amino-5-ethyl-4,4,6,7-tetramethylocta-2,7-diensäuremethylester
C=C(C(C)(C)CC)C(C)(CC)CC	3-Ethyl-3,5,5-trimethyl-4-methylidenheptan
C/C=C(/C=O)C(CC(C)CC)C(C)CC	(E)-2-Ethyliden-5-methyl-3-(1-methylpropyl)heptanal
CCCC(C)(CC(C)=O)C(C)(C)CCC1CCCCC1	7-Cyclohexyl-4,5,5-trimethyl-4-propylheptan-2-on
C#C/C=C(/CCCCC)C(C)C(C(=C)CC=C)C(=O)OC	(Z)-3-Methyl-2-(1-methylidenbut-3-enyl)-4-(prop-2-inyliden)nonansäuremethylester
C=CC(C(C)C)C(C)(C)C(C)(CC)C(C)C(C)=O	4-Ethyl-3,4,5,5-tetramethyl-6-(1-methylethyl)oct-7-en-2-on
C#CCC(C)(CC(C)S)/C(C)=C\CC	(Z)-4,5-Dimethyl-4-(prop-2-inyl)oct-5-en-2-thiol
C#CCC(C)(OC)C(C)(CCC)C(C)C(=O)OC	4-Methoxy-2,3,4-trimethyl-3-propylhept-6-insäuremethylester
C=CC(C)C(C#CCC(C)=O)(CC)SC	6-Ethyl-7-methyl-6-(methylsulfanyl)non-8-en-4-in-2-on
C=CC(C)C(C)C(F)(C(C)OCC)C(C)(C)NC(C)=O	N-[2-(1-Ethoxyethyl)-2-fluor-1,1,3,4-tetramethylhex-5-enyl]ethanamid
CCCC(C)(CC)C(CC(C)(C)OC)C(CN(C)C)C(=O)O	2-[(Dimethylamino)methyl]-4-ethyl-3-(2-methoxy-2-methylpropyl)-4-methylheptansäure
CCC(CC)(CC)C(C)C(N)=O	3,3-Diethyl-2-methylpentanamid
CCC(C)C(CC)(CC)CC(C)(C)C	4,4-Diethyl-2,2,5-trimethylheptan
C=CC(C)C(C)C(C)(C)CC	3,4,5,5-Tetramethylhept-1-en
C=CC(C(OC(C)=O)SC)C(C)(C(C)C)C(C)C	Ethansäure[2-ethenyl-3,4-dimethyl-3-(1-methylethyl)-1-(methylsulfanyl)pentyl]ester
CCCCC(C)(CC)C(CC)OC	4-Ethyl-3-methoxy-4-methyloctan
CCC(C)C(C)C(CC)(CC=O)C(C)CC	3-Ethyl-4,5-dimethyl-3-(1-methylpropyl)heptanal
CCO/C=C(\C)C(C)(CC)C(C)(C)CC	(E)-1-Ethoxy-3-ethyl-2,3,4,4-tetramethylhex-1-en
CCOC(=O)CC(C)(C)C(C)(CC)C(C)C	4-Ethyl-3,3,4,5-tetramethylhexansäureethylester
C=C(CBr)CCC(C)CCC	2-(Brommethyl)-5-methyloct-1-en
CCCC(CCC(C)C)C(C)C(C)(C)C	2,2,3,7-Tetramethyl-4-propyloctan
CCC(C)(C)C(C)C(C)(CC)C(C)C	3-Ethyl-2,3,4,5,5-pentamethylheptan
CCC(C)C(C)(CC)CCCC#CCC(=O)OC	8-Ethyl-8,9-dimethylundec-3-insäuremethylester
C/C=C/CC(CC)C(COC(C)=O)C(C(C)C)C(C)/C=C\C(C)=O	Ethansäure{(Z)-2-[(E)-1-ethylpent-3-enyl]-4-methyl-3-(1-methylethyl)-7-oxooct-5-enyl}ester
C=C(CC)C(/C=C/C)CC	(E)-4-Ethyl-5-methylidenhept-2-en
CCCC(CC)C(S)CC	4-Ethylheptan-3-thiol
CCCCC(CSC)CC(CC)CCC	4-Ethyl-6-[(methylsulfanyl)methyl]decan
C/C=C\C(C)CC(CC)(/C(CC)=C(\C#N)OC)C(C)CC	(2E,7Z)-3,4-Diethyl-2-methoxy-6-methyl-4-(1-methylpropyl)nona-2,7-diennitril
CCCC(C)(NC(C)=O)C(C)(C)CC	N-(1,2,2-Trimethyl-1-propylbutyl)ethanamid
CCCC(C)(C)C(C)(CCC)C(C)C	4,4,5-Trimethyl-5-(1-methylethyl)octan
C=C(CC)CC(CC)(CC)C(C)CC	4,4-Diethyl-3-methyl-6-methylidenoctan
CC(C)CC(C)C(O)C(C)CC(C)N(C)C	2-(Dimethylamino)-4,6,8-trimethylnonan-5-ol
CCC/C=C/C(C)C(C)C	(E)-2,3-Dimethyloct-4-en
CCC(CCNC(C)=O)C/C(=C/C(=O)NC)C(C)CC	(Z)-7-(Acetylamino)-5-ethyl-N-methyl-3-(1-methylpropyl)hept-2-enamid
C=CCCC(CC)CC(C)(C)C(C)/C=C\C	(Z)-5-Ethyl-7,7,8-trimethylundeca-1,9-dien
CCC(Cl)C(C)(CC)/C(=C\NC)OC(C)=O	Ethansäure{(E)-3-chlor-2-ethyl-2-methyl-1-[(methylamino)methyliden]pentyl}ester
CC(C)C(C)(C)C(CBr)C[N+](=O)[O-]	1-Brom-3,3,4-trimethyl-2-(nitromethyl)pentan
CCCC(CC)C(CC)C(C)C(=O)O	3,4-Diethyl-2-methylheptansäure
CCC(C)(CN)C(CC)(CCC=O)C(C)C	5-(Aminomethyl)-4-ethyl-5-methyl-4-(1-methylethyl)heptanal
CC(=O)NC(C)(C)C(C)(CCCC(N)=O)C(C)(C)C(C)C	5-[1-(Acetylamino)-1-methylethyl]-5,6,6,7-tetramethyloctanamid
CCC(C)C(C)(C)CC(CC1=CC=CC=C1)C(=O)O	4,4,5-Trimethyl-2-(phenylmethyl)heptansäure
CCCC(C)(C)C(C)CCNC	N,3,4,4-Tetramethylheptan-1-amin
C#CCC(C)C(CC)C(C)C(N)=O	3-Ethyl-2,4-dimethylhept-6-inamid
C#C/C=C/C(C)(CCC)C(C)(C)CC=C	(E)-5,6,6-Trimethyl-5-propylnona-3,8-dien-1-in
CCC(C)(C(C)C)C(CC(C)C(=O)OC)C(=O)O	3-Ethyl-2-(3-methoxy-2-methyl-3-oxopropyl)-3,4-dimethylpentansäure
CCCC(C)(CC)C(C)(CC)C(C)C	3,4-Diethyl-2,3,4-trimethylheptan
CCC(C)CC(C)(C)C(C)C	2,3,3,5-Tetramethylheptan
CCC(C)C(C)CCCCF	1-Fluor-5,6-dimethyloctan
C/C=C(C)\C(=C\C)CCC	(2Z,4E)-4-Ethyliden-3-methylhept-2-en
CCCC(C)(C)C(C)(SC)/C(N)=C\C(=O)O	(E)-3-Amino-4,5,5-trimethyl-4-(methylsulfanyl)oct-2-ensäure
C=CC(C)/C=C(/C)C(I)C(C)C	(Z)-6-Iod-3,5,7-trimethylocta-1,4-dien
C#CC(C)C(C)(C(=C)C)C(C)(CC)C(C)C#N	3-Ethyl-2,3,4,5-tetramethyl-4-(1-methylethenyl)hept-6-innitril
C#CC(C(=O)NC)C(CC)CCC(=C)C	2-Ethinyl-3-ethyl-N,6-dimethylhept-6-enamid
C=C(/C(C)=C(/C)C(C)C)C1CCCCC1	[(Z)-2,3,4-Trimethyl-1-methylidenpent-2-enyl]cyclohexan
CCC(C)CC(CC)C(C)C(C)CC	5-Ethyl-3,4,7-trimethylnonan
C/C=C(\CCl)C(C)CCCC	(Z)-3-(Chlormethyl)-4-methyloct-2-en
CCC(C)(C)C(F)(CC)C(C)C	3-Ethyl-3-fluor-2,4,4-trimethylhexan
CCCC(C)(CC)C(C)(C)CSC	3-Ethyl-2,2,3-trimethyl-1-(methylsulfanyl)hexan
C/C=C\C(C)C(C)C(C)(C)Br	(Z)-6-Brom-4,5,6-trimethylhept-2-en
CCCCC(CC)C(C)CC	4-Ethyl-3-methyloctan
CCC(C)(C)CC(C)(Cl)CS	2-Chlor-2,4,4-trimethylhexan-1-thiol
CCC(C)(C(=O)OC)C(C)C(C)(C)C#N	4-Cyano-2-ethyl-2,3,4-trimethylpentansäuremethylester
CCC(C)C(C(CC)CNC)C(C)(C)CC	2-Ethyl-N,4,4-trimethyl-3-(1-methylpropyl)hexan-1-amin
CCC(C)(C(C)C)C(C)(C)CC(C)C	3-Ethyl-2,3,4,4,6-pentamethylheptan
CCC(C)C(C)/C(C)=C/S	(E)-2,3,4-Trimethylhex-1-en-1-thiol
C=CC(C(C)C)C(CC)C(C)CC	4-Ethyl-5-methyl-3-(1-methylethyl)hept-1-en
CCC(CS)(CCC(C)C)C(=O)O	2-Ethyl-5-methyl-2-(sulfanylmethyl)hexansäure
C=CC(CC)C(CC)CC	3,4-Diethylhex-1-en
CCCC(C)C(C)C(C)(C)C(C)CC	3,4,4,5,6-Pentamethylnonan
CCCC(C(C)SC)C(C)(C(C)C)C(Cl)CCO	3-Chlor-4-methyl-4-(1-methylethyl)-5-[1-(methylsulfanyl)ethyl]octan-1-ol
CCOC(=O)CC(I)(CC)CC(C)(C)C(C)CCCSC	3-Ethyl-3-iod-5,5,6-trimethyl-9-(methylsulfanyl)nonansäureethylester
CCCC(C)C(C)C(C)C(C)C(C)C	2,3,4,5,6-Pentamethylnonan
CCC(C)(C)C(C)(C)C(C)C(C)(C)C	2,2,3,4,4,5,5-Heptamethylheptan
C=C(C)/C=C\C(C)(C)CCOC	(Z)-7-Methoxy-2,5,5-trimethylhepta-1,3-dien
C=C(CC)CC(C)C(C)C(=O)OC	2,3-Dimethyl-5-methylidenheptansäuremethylester
C#CC(C)C(C)C(C)(C)C(C)C(C)OCC	7-Ethoxy-3,4,5,5,6-pentamethyloct-1-in
CCCC(C=O)(C(C)CC)C(C)C(CI)C(N)=O	4-Formyl-2-(iodmethyl)-3,5-dimethyl-4-propylheptanamid
CC#CC(/C=C\C)C(C)C(C)(CC)CC	(Z)-6-Ethyl-5,6-dimethyl-4-(prop-1-inyl)oct-2-en
C=C(C)C(C)C(C)(C)C(C)C	2,3,4,4,5-Pentamethylhex-1-en
C=CCC(CC)CC/C=C(/C1=CC=CC=C1)C(C)(C)CC#N	(E)-8-Ethyl-3,3-dimethyl-4-phenylundeca-4,10-diennitril
CCC(C)C(C)(C)CC(C)C	2,4,4,5-Tetramethylheptan
CCC(C)(C(C)CN)C(C)C(C)C(C)C	3-Ethyl-2,3,4,5,6-pentamethylheptan-1-amin
C=CCC(C)C(C)(C=C(C)C)CC	5-Ethyl-4,5,7-trimethylocta-1,6-dien
C=CCC(CC)(CC)CCC	4,4-Diethylhept-1-en
C=C(C)C(C)(CC(C)C)C(C)CC	2,4,5-Trimethyl-4-(1-methylethenyl)heptan
C#CC(CNC)C(C)C(C#CCCO)C(C)CCC	6-Methyl-7-[(methylamino)methyl]-5-(1-methylbutyl)nona-3,8-diin-1-ol
CCC(C)C(CC)C(C)(C)Br	2-Brom-3-ethyl-2,4-dimethylhexan
C=CCC(C)(C)C(CC)(CCCC#N)C(C)CC(N)=O	4-(3-Cyanopropyl)-4-ethyl-3,5,5-trimethyloct-7-enamid
CCC(C)C(C)C(C)(C)CC	3,3,4,5-Tetramethylheptan
C=C(C)CCC(C)(CC)C(C)(C)C	5-Ethyl-2,5,6,6-tetramethylhept-1-en
CCOCCC(C)(C)C(C)/C=C/C(C)=O	(E)-8-Ethoxy-5,6,6-trimethyloct-3-en-2-on
CCC(F)C(OC(C)=O)C(C(C)C)C(C)(C)CC	Ethansäure[1-(1-fluorpropyl)-3,3-dimethyl-2-(1-methylethyl)pentyl]ester
CCOC(=O)CC(CC)(CC(CC)(CC)CC)C(C)CC	3,5,5-Triethyl-3-(1-methylpropyl)heptansäureethylester
C=C(C)C(C)C(C)(C)CC	2,3,4,4-Tetramethylhex-1-en
C=CC(C)(CC)C(/C=C/C)C(C)C	(E)-3-Ethyl-3-methyl-4-(1-methylethyl)hepta-1,5-dien
C=C(C)CC(C)(CC)C(C)(C)C(=O)OCC	3-Ethyl-2,2,3,5-tetramethylhex-5-ensäureethylester
C=CC(CC(=O)NC)CC(I)=C(CC)CC	3-Ethenyl-6-ethyl-5-iod-N-methyloct-5-enamid
C=C(C)C(=C)C(C)(CCC(C)C)[N+](=O)[O-]	2,4,7-Trimethyl-3-methyliden-4-nitrooct-1-en
CCCC(C)(C(C)CC)C(C)C(C)(C)C	2,2,3,4,5-Pentamethyl-4-propylheptan
CCC(C)(C)C(C)(CO)CC(C)C	2,3,3-Trimethyl-2-(2-methylpropyl)pentan-1-ol
C=CC(CC)(CCC)C(=C)CCOCC	4-Ethenyl-1-ethoxy-4-ethyl-3-methylidenheptan
CCC(C)C(C)(C(C)C)C(OC)C(C)F	2-Fluor-3-methoxy-4,5-dimethyl-4-(1-methylethyl)heptan
C=CCCC(C)(C)CC(CC)C(C)(CC)CC	7,8-Diethyl-5,5,8-trimethyldec-1-en
CCC(C)C(C)(CC)C(C)(CC)CBr	3-(Brommethyl)-4-ethyl-3,4,5-trimethylheptan
CCCCCC(C)(CC)CCC	4-Ethyl-4-methylnonan
CCCC(C)(/C=C/C(C)=O)CC	(E)-5-Ethyl-5-methyloct-3-en-2-on
CCOCC(C(C)CC)C(C)(C)C(C)C#N	4-(Ethoxymethyl)-2,3,3,5-tetramethylheptannitril
CC/C=C\C(C)(CC)CC(C(C)CC(N)=O)C1CCCCC1	(Z)-4-Cyclohexyl-6-ethyl-3,6-dimethyldec-7-enamid
CCCCC(CBr)C(CC)C(C(C)C)N(C)C	5-(Brommethyl)-4-ethyl-N,N,2-trimethylnonan-3-amin
CCC(C)(C)C(C)C(C)(C)CC	3,3,4,5,5-Pentamethylheptan
CCC(/C=C(/C)C(C)(C)CC)C(N)=O	(Z)-2-Ethyl-4,5,5-trimethylhept-3-enamid
CCC(C)C(C)C(C)(C)C(C)C	2,3,3,4,5-Pentamethylheptan
C=CCCC(C)C(C)(CC)C(C)CC	6-Ethyl-5,6,7-trimethylnon-1-en
CCC(C)(C)C(C)/C=C\Cl	(Z)-1-Chlor-3,4,4-trimethylhex-1-en
C#CC(C#C)(C(C)CNC(C)=O)C(C)(C)CI	N-[3-Ethinyl-3-(2-iod-1,1-dimethylethyl)-2-methylpent-4-inyl]ethanamid
C=C(/C=C/Br)C(C)(CC)CC	(E)-1-Brom-4-ethyl-4-methyl-3-methylidenhex-1-en
CCCC(CC)(CC)C(C)C=O	3,3-Diethyl-2-methylhexanal
CCCC(C)(CC)C(C)(C)CC	4-Ethyl-3,3,4-trimethylheptan
CCC(C)(CC)C(C)(C)CC(C)(C)C	5-Ethyl-2,2,4,4,5-pentamethylheptan
C=CCCC(C)(CC)CC(C)SC	5-Ethyl-5-methyl-7-(methylsulfanyl)oct-1-en
C=CC(C)C(CCC)C(C)C	3-Methyl-4-(1-methylethyl)hept-1-en
CC#CC(COC(C)=O)C(C=O)/C=C/C	Ethansäure[(E)-3-formyl-2-(prop-1-inyl)hex-4-enyl]ester
CCC(C)(C)C(C)C(C)(C)C(C)C	2,3,3,4,5,5-Hexamethylheptan
CCOC(=O)/C=C/C(CC)C(C)(C)CN(C)C	(E)-6-(Dimethylamino)-4-ethyl-5,5-dimethylhex-2-ensäureethylester
CCCC(C(C)=O)(C(C)C)C(C)NC(C)=O	N-[2-Acetyl-1-methyl-2-(1-methylethyl)pentyl]ethanamid
CCCC(CC)C(/C=C\N(C)C)(CCC(=O)OC)C(C)C	4-[(Z)-2-(Dimethylamino)ethenyl]-5-ethyl-4-(1-methylethyl)octansäuremethylester
C=CCCC(C)C(C)(CCC)CC(C)C	5,6,8-Trimethyl-6-propylnon-1-en
C=C(C(=O)NC)C(C)C(CC)(CC)CC(C)CC	4,4-Diethyl-N,3,6-trimethyl-2-methylidenoctanamid
CCC(C(C)(C)CC)C(C)(C)CC	4-Ethyl-3,3,5,5-tetramethylheptan
CCC(C)(CC=C(C)C)C(C)(C(C)C)C(C)C(C)C	5-Ethyl-2,5,6,7,8-pentamethyl-6-(1-methylethyl)non-2-en
C=C=C(C)CC(CCCC)(C(=C)C(C)=O)C(C)CC(=O)OCC	4-Butyl-3,6-dimethyl-4-(1-methyliden-2-oxopropyl)octa-6,7-diensäureethylester
C/C=C\CC(C)C(C)(C)C(C)C	(Z)-5,6,6,7-Tetramethyloct-2-en
CCC(CC)C(C)(C)C(C)C(C)C	5-Ethyl-2,3,4,4-tetramethylheptan
CCCC(CC)(CC)C(C)(C)C(C)CO	4,4-Diethyl-2,3,3-trimethylheptan-1-ol
CCCC(C)(C(C)C)C(C)C(C)CC	3,4,5-Trimethyl-5-(1-methylethyl)octan
C=C(CC(C)(C)C)CC(C)(C)CC	2,2,6,6-Tetramethyl-4-methylidenoctan
C#CCC(C)(C)CC(=C)C(C)C	4,4,7-Trimethyl-6-methylidenoct-1-in
C=C(C)C(C)C(CCS)C(C)(C)C(C(=O)OCC)C(C)C	3,3,5,6-Tetramethyl-2-(1-methylethyl)-4-(2-sulfanylethyl)hept-6-ensäureethylester
C=C/C(=C(\C)C(C)C)C(CC)CC	(Z)-4-Ethenyl-5-ethyl-2,3-dimethylhept-3-en
C/C=C/CC(C)(CCC)CC(C)(CSC)C(C)(C)C	(E)-5,7,8,8-Tetramethyl-7-[(methylsulfanyl)methyl]-5-propylnon-2-en
CCC(C)C(CC)(CC)CC1CCCCC1	(2,2-Diethyl-3-methylpentyl)cyclohexan
C#CC(CC(CCC)(C(C)C)C(C)C)N(C)C	N,N-Dimethyl-5,5-bis(1-methylethyl)oct-1-in-3-amin
CCOC(Cl)/C(CC)=C(/CC)CC(C)CC	(Z)-3-[Chlor(ethoxy)methyl]-4-ethyl-6-methyloct-3-en
CCC(C(C)C)C(C)(CS)OC	3-Ethyl-2-methoxy-2,4-dimethylpentan-1-thiol
C/C=C(/C(C)(C)CC)C(C)(C)C(C)CC(=O)OCC	(Z)-5-Ethyliden-3,4,4,6,6-pentamethyloctansäureethylester
CC/C=C\C(C(C)C(C)C)C(C)(C)C	(Z)-5-(1,1-Dimethylethyl)-6,7-dimethyloct-3-en
CCCC(C)(CCNC)C(C)C=O	2,3-Dimethyl-3-[2-(methylamino)ethyl]hexanal
C=CC(=C)C(C(=O)O)C(CC1=CC=CC=C1)C(C)CC	4-Methyl-2-(1-methylidenprop-2-enyl)-3-(phenylmethyl)hexansäure
C/C=C(/CC)C(C)CC	(Z)-3-Ethyl-4-methylhex-2-en
C=C(CCC)C(C)(CC)CC	3-Ethyl-3-methyl-4-methylidenheptan
C/C=C(/C(C)(C)C)C(C)(C)CC(C)(C)[N+](=O)[O-]	(Z)-3-(1,1-Dimethylethyl)-4,4,6-trimethyl-6-nitrohept-2-en
CCC(C(C)C)C(C)(CCO)C(C)(C)CO	3-(1-Ethyl-2-methylpropyl)-2,2,3-trimethylpentan-1,5-diol
C=C(S)C(C)(CC)C(C)CC	3-Ethyl-3,4-dimethylhex-1-en-2-thiol
CCC(C)(C=O)C(C)(CC)C(C)CCS	2,3-Diethyl-2,3,4-trimethyl-6-sulfanylhexanal
CCCC(C)(CC)C(C)(C)CCCC(C)=O	7-Ethyl-6,6,7-trimethyldecan-2-on
C=C(C)C(CCC)C(C)CC	3-Methyl-4-(1-methylethenyl)heptan
CCC/C=C(\CCC)C(C)CC(=O)O	(E)-3-Methyl-4-propyloct-4-ensäure
CCCCC/C=C(/C)CC(C)C	(Z)-2,4-Dimethyldec-4-en
CCCC(C)(CCC(C)CCC1CCCCC1)C(C)CC(=O)O	9-Cyclohexyl-3,4,7-trimethyl-4-propylnonansäure
CCOC(=O)C(C)(C)C(O)(CC)CC(C=O)CC	3-Ethyl-5-formyl-3-hydroxy-2,2-dimethylheptansäureethylester
CCCC(C)C(C)(C)C(CC)(CCC=O)OC(C)=O	Ethansäure[1-ethyl-2,2,3-trimethyl-1-(3-oxopropyl)hexyl]ester
CCC(C)(C)C(C)(CC)C(C)(C)CC(C)=O	5-Ethyl-4,4,5,6,6-pentamethyloctan-2-on
CCC(C)(C)C(C(C)C)C(C)C	2,4,4-Trimethyl-3-(1-methylethyl)hexan
CCC(C)CC(C)(C(C)C)C(C)(Br)CC	3-Brom-3,4,6-trimethyl-4-(1-methylethyl)octan
CCC(CC)CCCCC#N	6-Ethyloctannitril
COCC(C)CCCC(CO)CC(C)CCC(=O)OC	6-(Hydroxymethyl)-11-methoxy-4,10-dimethylundecansäuremethylester
CCCC(CC)C(C)(C)CC	4-Ethyl-3,3-dimethylheptan
CCC(C)(C)C(C)(C)C(C)C#N	2,3,3,4,4-Pentamethylhexannitril
C/C=C\C(C)(C(=O)NC)C(C)C(C)C(C)C(C)Cl	6-Chlor-N,2,3,4,5-pentamethyl-2-[(Z)-prop-1-enyl]heptanamid
CC(C)CC(C)C(C)C(C)(C)C	2,2,3,4,6-Pentamethylheptan
C=C(C)CC(C)(CC/C=C\CC1=CC=CC=C1)OC	[(Z)-6-Methoxy-6,8-dimethylnona-2,8-dienyl]benzen
C=C(C)CC(CC)C(C)(CC)CCC	4,5-Diethyl-2,5-dimethyloct-1-en
C#C/C=C(/CC(C)(C)CCNC)C(C)C	(Z)-N,3,3-Trimethyl-5-(1-methylethyl)oct-5-en-7-in-1-amin
CCC(C)C(C)(CCC(=O)O)C(C)(C)C	4-(1,1-Dimethylethyl)-4,5-dimethylheptansäure
CCOC(=O)CC(C)(CC)CC(C(=O)NC)C(C)OC(C)=O	6-(Acetyloxy)-3-ethyl-3-methyl-5-(methylcarbamoyl)heptansäureethylester
C#CC(CC)(CC(C)CC#N)C(C)Br	5-(1-Bromethyl)-5-ethyl-3-methylhept-6-innitril
CCC(C)CC(C)C(C)CC	3,4,6-Trimethyloctan
CCCC(C)(CC)CCC(C)(C)C	5-Ethyl-2,2,5-trimethyloctan
CCC(C)/C=C(/CSC)C(C)N	(E)-5-Methyl-3-[(methylsulfanyl)methyl]hept-3-en-2-amin
CC/C(C)=C(/CC)C(C)C#N	(Z)-3-Ethyl-2,4-dimethylhex-3-ennitril
C#CC(C)(CC)CC(C)(CCC(=O)OC)C(N)=O	4-Carbamoyl-6-ethyl-4,6-dimethyloct-7-insäuremethylester
CCC(C(C)C)C(C)(C)CC	3-Ethyl-2,4,4-trimethylhexan
C/C=C/C(CC)(C(C)C1CCCCC1)C(C)(CC)CCNC(C)=O	N-[(E)-4-(1-Cyclohexylethyl)-3,4-diethyl-3-methylhept-5-enyl]ethanamid
C#CC(C)CC/C=C/C	(E)-3-Methyloct-6-en-1-in
C/C=C\C(CC)C(C)(CCC1CCCCC1)C(C)CC	[(Z)-4-Ethyl-3-methyl-3-(1-methylpropyl)hept-5-enyl]cyclohexan
CC/C=C(\C)CC(C)(C)C	(E)-4,6,6-Trimethylhept-3-en
C=C(CC#N)C(CCC)CCCN(C)C	7-(Dimethylamino)-3-methyliden-4-propylheptannitril
C=C(C)C(C(C)C)C(C)(/C=C/C)CC	(E)-4-Ethyl-2,4-dimethyl-3-(1-methylethyl)hepta-1,5-dien
CCC(C)(C=O)/C(=C\C(C)C)CCC(C)C	(Z)-2-Ethyl-2,6-dimethyl-3-(2-methylpropyliden)heptanal
CCCCC(C)C(C)CCC	4,5-Dimethylnonan
C/C=C(/C(C)C)C(C)C(C)/C(C)=C\CC	(2Z,6Z)-4,5,6-Trimethyl-3-(1-methylethyl)nona-2,6-dien
C=CC(C)(CCCS)CC(=C)C	4-Ethenyl-4,6-dimethylhept-6-en-1-thiol
CCC(C)C(C)(C)C(C)C(N)=O	2,3,3,4-Tetramethylhexanamid
CCC(CC)/C(C=O)=C/C(C)C	(Z)-2-(1-Ethylpropyl)-4-methylpent-2-enal
C/C=C(/C)C(C)(C)C(C)CCC	(Z)-3,4,4,5-Tetramethyloct-2-en
CCCC(C)(CC)CC(C)CCS	5-Ethyl-3,5-dimethyloctan-1-thiol
CCC(=O)C(CO)C(C)(CC)CC	5-Ethyl-4-(hydroxymethyl)-5-methylheptan-3-on
CCCCCC(C)C(C)C(=O)OC	2,3-Dimethyloctansäuremethylester
C=C(C)C(CC)C(C)(CCO)CNC(C)=O	N-[3-Ethyl-2-(2-hydroxyethyl)-2,4-dimethylpent-4-enyl]ethanamid
C=CC(CCC(C)(C)C(/C=C/C)OC(C)=O)C(=O)OC	(E)-6-(Acetyloxy)-2-ethenyl-5,5-dimethylnon-7-ensäuremethylester
CCCC(C)(C1=CC=CC=C1)C(C)C(C)C(C)C(C)C	(1,2,3,4,5-Pentamethyl-1-propylhexyl)benzen
C=CC#CCC(/C=C\CC)CCl	(Z)-6-(Chlormethyl)deca-1,7-dien-3-in
CCCC(CC)(CCC)CC(C)C(C)C	5-Ethyl-2,3-dimethyl-5-propyloctan
C=C(CC=O)C(C(C)C)C(C)C(C)C	5,6-Dimethyl-4-(1-methylethyl)-3-methylidenheptanal
CC(=O)OC(C)CC(CN)C(C)C(C)C(C)CCI	Ethansäure[3-(aminomethyl)-8-iod-1,4,5,6-tetramethyloctyl]ester
C=C(C)C(C)(C)C(C)(C)CC	2,3,3,4,4-Pentamethylhex-1-en
C#CC(C)(C)C(CC)(CCC)C(C)CS	3-Ethyl-2,4,4-trimethyl-3-propylhex-5-in-1-thiol
CCC(C)(CBr)C(C)(CCCNC(C)=O)CC(C)CNC	N-{5-(Brommethyl)-4,5-dimethyl-4-[2-methyl-3-(methylamino)propyl]heptyl}ethanamid
C/C=C/C(CC)(CC(C)C)C(C)CCO	(E)-4-Ethyl-3-methyl-4-(2-methylpropyl)hept-5-en-1-ol
CCC(CC(C)C(C)C(C)=O)C(C)CN(C)C	8-(Dimethylamino)-6-ethyl-3,4,7-trimethyloctan-2-on
CC#CC(C(C)CCC(C)=O)C(CCO)OC	6-(3-Hydroxy-1-methoxypropyl)-5-methylnon-7-in-2-on
CCC(C)(C)C(C)(CC)C(C)CNC	3-Ethyl-N,2,3,4,4-pentamethylhexan-1-amin
CCC(C)C(CC)(CCCS)CC(C)C	4-Ethyl-5-methyl-4-(2-methylpropyl)heptan-1-thiol
C#CC(C(=O)NC)C(C)(C=C)C(C)(CCC)C(C)CC	3-Ethenyl-2-ethinyl-N,3,4,5-tetramethyl-4-propylheptanamid
CCC(C)(C(C)(C)I)C(C)(CC(C)C)N(C)C	3-Ethyl-2-iod-N,N,2,3,4,6-hexamethylheptan-4-amin
C#CCC(C)(C)C(=C)C(C)C(C)C	4,4,6,7-Tetramethyl-5-methylidenoct-1-in
CCC(C)(/C=C\CC(C)(N(C)C)[N+](=O)[O-])CC	(Z)-6-Ethyl-N,N,6-trimethyl-2-nitrooct-4-en-2-amin
CCCCC(/C(C)=C/C=O)C(C)(C)C(C)(C)C	(E)-3-Methyl-4-(1,1,2,2-tetramethylpropyl)oct-2-enal
CCCC(C)(CC)C(C)(C)C	3-Ethyl-2,2,3-trimethylhexan
CCCC(S)C(CC)C(CC)CC(=O)O	3,4-Diethyl-5-sulfanyloctansäure
CSC(C)C(CC(C)(C)C)(C(C)C)C(C)C	2,2-Dimethyl-4,4-bis(1-methylethyl)-5-(methylsulfanyl)hexan
CCCC(C)C(C)(CC)C(C)CC	4-Ethyl-3,4,5-trimethyloctan
CCCC(C)(C(S)CC)C(C=O)CC	2-Ethyl-3-methyl-3-propyl-4-sulfanylhexanal
C/C=C/C(C)/C(C)=C(\CCC(=O)OC)C(C)CC	(4E,7E)-5,6-Dimethyl-4-(1-methylpropyl)nona-4,7-diensäuremethylester
CCCC(C)(CC)C(C)CC	4-Ethyl-3,4-dimethylheptan
CCCCC(C)(CC)C(C)C(C)C	4-Ethyl-2,3,4-trimethyloctan
C=C(C)C(C#CC)C(C)CBr	3-(2-Brom-1-methylethyl)-2-methylhex-1-en-4-in
CCCC(C)(CC)C(C)(C)C(C)C	4-Ethyl-2,3,3,4-tetramethylheptan
C=C(C)C(C)(C(C)CCC(C)C)C(C)(C)C	3-(1,1-Dimethylethyl)-2,3,4,7-tetramethyloct-1-en
CCCC(CC)(C(C)C)C(C)(C)C	3-Ethyl-2,2-dimethyl-3-(1-methylethyl)hexan
CCCC(C)C(C)(CC(C)CSC)C(C)(CSC)N(C)C	N,N,2,3,4-Pentamethyl-3-[2-methyl-3-(methylsulfanyl)propyl]-1-(methylsulfanyl)heptan-2-amin
CCCC(C)(C)CC(C)(C)C(C)Br	2-Brom-3,3,5,5-tetramethyloctan
C=CCC(C)C(C)(C)C(C(=C)C)/C(C)=C(/F)COC	(E)-8-Fluor-9-methoxy-4,5,5,7-tetramethyl-6-(1-methylethenyl)nona-1,7-dien
CCC(C)(C(C)C)C(C)C(C)C	3-Ethyl-2,3,4,5-tetramethylhexan
C#CC(C)C(C)(C)CC(C)C=O	2,4,4,5-Tetramethylhept-6-inal
C=CC(C)(/C=C(\C)CCl)CC	(E)-6-Chlor-3-ethyl-3,5-dimethylhexa-1,4-dien
C/C=C/C/C=C(\C)C(C(CCBr)COC(C)=O)C(C)(C)CC	Ethansäure[(4E,7E)-2-(2-bromethyl)-3-(1,1-dimethylpropyl)-4-methylnona-4,7-dienyl]ester
CCC(C)C(C)C(C)(CC=O)C(C)C	3,4,5-Trimethyl-3-(1-methylethyl)heptanal
C=C(CC)C(C)(CC)CC(C)CC1CCCCC1	(4-Ethyl-2,4-dimethyl-5-methylidenheptyl)cyclohexan
CCC/C(C)=C\C(C)C	(Z)-2,4-Dimethylhept-3-en
CCCCC(C)(CC)CCC	4-Ethyl-4-methyloctan
CCC(CCC(=O)O)C(C)(CC)CCOC(C)=O	7-(Acetyloxy)-4,5-diethyl-5-methylheptansäure
C#CC(CC)(C(CCC)OC(C)=O)C(C)(C)CC	Ethansäure(2-ethinyl-2-ethyl-3,3-dimethyl-1-propylpentyl)ester
C=CC(C)C(C)=C(CC)CC	5-Ethyl-3,4-dimethylhepta-1,4-dien
C=C(C)C(C)(C)C(C)C(C)CCC	2,3,3,4,5-Pentamethyloct-1-en
C=CC(C)(CC(C)CC)C(C)C	3,5-Dimethyl-3-(1-methylethyl)hept-1-en
C#CCCCC(C)(CC)C(C)(C)CCC[N+](=O)[O-]	6-Ethyl-6,7,7-trimethyl-10-nitrodec-1-in
CCC(CC)C(C)C(C)C(C)(C)C	5-Ethyl-2,2,3,4-tetramethylheptan
CCCC(C(C)C)C(C)CCC(C)C	2,5-Dimethyl-6-(1-methylethyl)nonan
C=C(C)C(C)(CC)CC(C)(CCCOCC)OCC	5,8-Diethoxy-3-ethyl-2,3,5-trimethyloct-1-en
CCCC(C)(C)C(C)(CCC)CCOCC	4-(2-Ethoxyethyl)-4,5,5-trimethyloctan
C/C=C/C(C(C)CC)(C(CC)CC=O)C(CC)CCBr	(E)-4-(3-Brom-1-ethylpropyl)-3-ethyl-4-(1-methylpropyl)hept-5-enal
C/C=C/C(CCNC(C)=O)C(C)CCC(C)(C)CC	N-{4,7,7-Trimethyl-3-[(E)-prop-1-enyl]nonyl}ethanamid
CCCC/C=C(/CC1CCCCC1)C(SC)C(C)(C)CC	{(Z)-2-[2,2-Dimethyl-1-(methylsulfanyl)butyl]hept-2-enyl}cyclohexan
CCC(C)(C)CCCC(C)S	6,6-Dimethyloctan-2-thiol
CC/C(=C(/C)C(C)C)C(C)(C)CC	(E)-4-Ethyl-2,3,5,5-tetramethylhept-3-en
CCC(/C(=C/C(=O)O)CCCF)C(C)CC1=CC=CC=C1	(E)-4-Ethyl-3-(3-fluorpropyl)-5-methyl-6-phenylhex-2-ensäure
CCCC(C)C(CC)(C(C)C)C(C)C	3-Ethyl-2,4-dimethyl-3-(1-methylethyl)heptan
CCCC(CCC)(CC(C)C)C(C)C	2-Methyl-4-(1-methylethyl)-4-propylheptan
CCCC(C)(CCNC)C(C)C	N,3-Dimethyl-3-(1-methylethyl)hexan-1-amin
CCCCC(C)(C)C(C)(CC)CO	2-Ethyl-2,3,3-trimethylheptan-1-ol
C=CC(CC)(C(=C)C)C(C)(COC(C)=O)CC(=O)NC	Ethansäure{3-ethenyl-3-ethyl-2,4-dimethyl-2-[2-(methylamino)-2-oxoethyl]pent-4-enyl}ester
C1CC1	Cyclopropan
C1=CCCC1	Cyclopenten
C1CO1	Oxiran
C1CCOC1	Oxolan
C1=COC=C1	Furan
CCC1(OC)CO1	2-Ethyl-2-methoxyoxiran
CC(=O)OC1/C=C\CCC(C)CC1F	Ethansäure[(Z)-8-fluor-6-methylcyclooct-2-enyl]ester
C=CC1=C(CC)C(N(C)C)=CO1	5-Ethenyl-4-ethyl-N,N-dimethylfuran-3-amin
C=CC1COC1	3-Ethenyloxetan
CC(=O)C1=CC=CS1	1-(Thiophen-2-yl)ethan-1-on
C#CC1CCC(C(C)C)C1	1-Ethinyl-3-(1-methylethyl)cyclopentan
C1CSC1	Thietan
CC1SCCC1C1CCCCC1	3-Cyclohexyl-2-methylthiolan
C/C=C/C1CN1	2-[(E)-Prop-1-enyl]aziridin
C=CCC1(O)CO1	2-(Prop-2-enyl)oxiran-2-ol
CNC(=O)C1(OC(C)=O)CC1=O	Ethansäure[1-(methylcarbamoyl)-2-oxocyclopropyl]ester
CNC1CS1	N-Methylthiiran-2-amin
C=C1CCCCN1	2-Methylidenpiperidin
O=[N+]([O-])C1CC=CCC1	4-Nitrocyclohex-1-en
CCOC(=O)C1CC=CC1	Cyclopent-3-en-1-carbonsäureethylester
CCOC1CC(C=O)O1	4-Ethoxyoxetan-2-carbaldehyd
CC1CCNC1	3-Methylpyrrolidin
CC(=O)C1CO1	1-(Oxiran-2-yl)ethan-1-on
CN(C)C1CCCSC1	N,N-Dimethylthian-3-amin
C1=CC=C(C2=CCCC=C2)C=C1	(Cyclohexa-1,5-dienyl)benzen
C/C=C/C1=CC=CCC1C1CCCCC1	6-Cyclohexyl-1-[(E)-prop-1-enyl]cyclohexa-1,3-dien
COC1=CC=C(Br)S1	2-Brom-5-methoxythiophen
SC1CO1	Oxiran-2-thiol
CC(=O)C1CCC(C)(CO)CN1	1-[5-(Hydroxymethyl)-5-methylpiperidin-2-yl]ethan-1-on
BrC1=CC=CC=N1	2-Brompyridin
C1CCSC1	Thiolan
C=CCC1CC(O)CS1	5-(Prop-2-enyl)thiolan-3-ol
CC(=O)NC1CCCS1	N-(Thiolan-2-yl)ethanamid
C1=CC=C(C2CCCCCCC2)C=C1	Phenylcyclooctan
OCC1(Br)CCCCC1	(1-Bromcyclohexyl)methanol
CSC1=CC(OC(C)=O)CCC1	Ethansäure[3-(methylsulfanyl)cyclohex-2-enyl]ester
ClC1=CCCC1	1-Chlorcyclopent-1-en
O=C(O)C1CCCO1	Oxolan-2-carbonsäure
COC(=O)C1CCN1	Azetidin-2-carbonsäuremethylester
CN(C)C1CSC1	N,N-Dimethylthietan-3-amin
CC(C)C1CS1	2-(1-Methylethyl)thiiran
O=CC1CCCN1	Pyrrolidin-2-carbaldehyd
CNC(=O)C1CCCN(C2=CC=CC=C2)C1	N-Methyl-1-phenylpiperidin-3-carboxamid
C=C1SC1O	3-Methylidenthiiran-2-ol
CN1CC1	1-Methylaziridin
FC1=CC=CN1	2-Fluorpyrrol
O=CC1CC=CCC1=O	6-Oxocyclohex-3-en-1-carbaldehyd
COC(=O)C1CNC1	Azetidin-3-carbonsäuremethylester
O=C1CCOC1	Oxolan-3-on
OCC1CCCCS1	(Thian-2-yl)methanol
C/C=C\C1(Cl)CO1	2-Chlor-2-[(Z)-prop-1-enyl]oxiran
CN(C)C1=NC=C(F)C=C1	5-Fluor-N,N-dimethylpyridin-2-amin
CCOC1CCCCC(C(C)C)C1	1-Ethoxy-3-(1-methylethyl)cycloheptan
O=[N+]([O-])C1CCSC(C2=CC=CC=C2)C1	4-Nitro-2-phenylthian
CC(=O)C1CN1C	1-(1-Methylaziridin-2-yl)ethan-1-on
CCN1CC1	1-Ethylaziridin
CN1CCCC1	1-Methylpyrrolidin
C/C=C\C1=C(C(C)C)CCCC1[N+](=O)[O-]	1-(1-Methylethyl)-3-nitro-2-[(Z)-prop-1-enyl]cyclohex-1-en
NC(=O)C1CCCCC1	Cyclohexancarboxamid
COC1CCCN1	2-Methoxypyrrolidin
CC(=O)NC1=CC=CC=C1	N-Phenylethanamid
C=C1CC1[N+](=O)[O-]	1-Methyliden-2-nitrocyclopropan
O=C(O)C1CS1	Thiiran-2-carbonsäure
C/C=C/C1CC1S	2-[(E)-Prop-1-enyl]cyclopropan-1-thiol
CC(=O)NC1CCCC(O)N1C	N-(6-Hydroxy-1-methylpiperidin-2-yl)ethanamid
CCC1=C(S)CC=CC1C1=CC=CC=C1	2-Ethyl-3-phenylcyclohexa-1,4-dien-1-thiol
CSC1C(NC(C)=O)CCCCCC1[N+](=O)[O-]	N-[2-(Methylsulfanyl)-3-nitrocyclooctyl]ethanamid
O=C(O)C1CC=CCC1	Cyclohex-3-en-1-carbonsäure
CC1CCCCCCC1	Methylcyclooctan
COC1SCC1C1CCCCC1	3-Cyclohexyl-2-methoxythietan
CCC1=CCCC1	1-Ethylcyclopent-1-en
CC(=O)OC1=C(C=O)C=CO1	Ethansäure(3-formylfuran-2-yl)ester
CN(C)C1CCCCCC1	N,N-Dimethylcycloheptanamin
CCN1CCC1NC(C)=O	N-(1-Ethylazetidin-2-yl)ethanamid
CCOC(=O)C1=CC=CC(SC)=C1I	2-Iod-3-(methylsulfanyl)benzoesäureethylester
CN1CC1=O	1-Methylaziridin-2-on
CN(C)C1CCC1	N,N-Dimethylcyclobutanamin
C/C=C\C1CC=CCC1	4-[(Z)-Prop-1-enyl]cyclohex-1-en
C/C=C\C1CCC(C(C)=O)(C2=CC=CC=C2)C1	1-{1-Phenyl-3-[(Z)-prop-1-enyl]cyclopentyl}ethan-1-on
CCOC1CCN1C	2-Ethoxy-1-methylazetidin
CNC1NCCCC1OC	3-Methoxy-N-methylpiperidin-2-amin
CCOC(=O)C1C=CCC1NC(C)=O	5-(Acetylamino)cyclopent-2-en-1-carbonsäureethylester
NC(=O)C1CC1	Cyclopropancarboxamid
C1=CC=C(C2CCCCC2)C=C1	Cyclohexylbenzen
COC1CCOC1	3-Methoxyoxolan
CNC1CCNC1	N-Methylpyrrolidin-3-amin
C1=CC=C(C2=COC=C2)C=C1	3-Phenylfuran
CC(=O)OC1=CCCC(S)=C1	Ethansäure(5-sulfanylcyclohexa-1,5-dienyl)ester
C=C1CCCC(NC(C)=O)C1C=O	N-(2-Formyl-3-methylidencyclohexyl)ethanamid
N#CC1COC1	Oxetan-3-carbonitril
IC1CS1	2-Iodthiiran
C=C1SC1NC	N-Methyl-3-methylidenthiiran-2-amin
CC1(C2CCCCC2)CC(S)C1	3-Cyclohexyl-3-methylcyclobutan-1-thiol
NC(=O)C1CCCC1	Cyclopentancarboxamid
CSC1=CC=CC=N1	2-(Methylsulfanyl)pyridin
C1=CCCC=C1	Cyclohexa-1,3-dien
NC1CCCCCC1O	2-Aminocycloheptan-1-ol
N#CC1CCCCCCC1	Cyclooctancarbonitril
C1=CC=NC=C1	Pyridin
COC1CCC(N(C)C)C1	3-Methoxy-N,N-dimethylcyclopentan-1-amin
CCOC1(S)CCCCO1	2-Ethoxyoxan-2-thiol
C=CCC1=C(CO)NC=C1	[3-(Prop-2-enyl)pyrrol-2-yl]methanol
CC(=O)C1=CC=CN1	1-(Pyrrol-2-yl)ethan-1-on
C/C=C/C1CCCO1	2-[(E)-Prop-1-enyl]oxolan
N#CC1=CC=CO1	Furan-2-carbonitril
O=[N+]([O-])C1CCCC1	Nitrocyclopentan
FC1=CC=CC=N1	2-Fluorpyridin
SC1CCO1	Oxetan-2-thiol
C=CC1CC1	Ethenylcyclopropan
C1=CC=C(C2CS2)C=C1	2-Phenylthiiran
CC(=O)OC1C=CC(C(C)=O)C1Br	Ethansäure(4-acetyl-5-bromcyclopent-2-enyl)ester
CC1CCCCC(C(N)=O)CC1C(N)=O	4-Methylcyclooctan-1,3-dicarboxamid
CCOC(=O)C1CCC(OC(C)=O)C(SC)C1	4-(Acetyloxy)-3-(methylsulfanyl)cyclohexan-1-carbonsäureethylester
CCOC1CC=CCC1	4-Ethoxycyclohex-1-en
FC1CCO1	2-Fluoroxetan
COC1(Cl)CCCC(Br)O1	6-Brom-2-chlor-2-methoxyoxan
CSC1CCCCN1	2-(Methylsulfanyl)piperidin
C/C=C/C1C/C=C\CCCC1C1=CC=CC=C1	(Z)-5-Phenyl-4-[(E)-prop-1-enyl]cyclooct-1-en
CC(C)C1=CCCC=C1	2-(1-Methylethyl)cyclohexa-1,3-dien
C=C1C=C(C=O)C=CC1	3-Methylidencyclohexa-1,5-dien-1-carbaldehyd
COC1=CCCC1	1-Methoxycyclopent-1-en
CCOC1(N)COC1	3-Ethoxyoxetan-3-amin
CSC1=CC=CCC1C1=CC=CC=C1	[2-(Methylsulfanyl)cyclohexa-2,4-dienyl]benzen
IC1=CCCC1	1-Iodcyclopent-1-en
C=CC1CC(O)(C=O)CS1	5-Ethenyl-3-hydroxythiolan-3-carbaldehyd
C#CC1=C(C(C)=O)CCC1	1-(2-Ethinylcyclopent-1-enyl)ethan-1-on
N#CC1CCC([N+](=O)[O-])CCC(C=O)C1	3-Formyl-6-nitrocyclooctan-1-carbonitril
CC(=O)NC1CCC1(C#N)C1CCCCC1	N-(2-Cyano-2-cyclohexylcyclobutyl)ethanamid
CCOC1CCCCCC1	Ethoxycycloheptan
OCC1(CO)C=CCC1	[1-(Hydroxymethyl)cyclopent-2-enyl]methanol
CC(=O)OC1CCCCCC1	Ethansäurecycloheptylester
BrC1=CC=CC=C1C1=CC=CC=C1	1-Brom-2-phenylbenzen
CC(=O)C1(S)CCS1	1-(2-Sulfanylthietan-2-yl)ethan-1-on
O=[N+]([O-])C1CS1	2-Nitrothiiran
C/C=C\C1(C2=CC=CC=C2)CCCC1C#N	2-Phenyl-2-[(Z)-prop-1-enyl]cyclopentan-1-carbonitril
CCC1=C(C(=O)NC)CCC(O)=C1	2-Ethyl-4-hydroxy-N-methylcyclohexa-1,3-dien-1-carboxamid
CCC1CCSCC1=O	4-Ethylthian-3-on
ClC1CCCCN1C1=CC=CC=C1	2-Chlor-1-phenylpiperidin
NC(=O)C1CS1	Thiiran-2-carboxamid
COC(=O)C1NCCCC1S	3-Sulfanylpiperidin-2-carbonsäuremethylester
C/C=C/C1CCCC1	[(E)-Prop-1-enyl]cyclopentan
CC1([N+](=O)[O-])CC1	1-Methyl-1-nitrocyclopropan
CCOC1(C(=O)NC)CCCCC1S	1-Ethoxy-N-methyl-2-sulfanylcyclohexan-1-carboxamid
CSC1=CC(C)CC=C1	6-Methyl-2-(methylsulfanyl)cyclohexa-1,3-dien
CCC1CC(NC)CC(NC(C)=O)C1	N-[3-Ethyl-5-(methylamino)cyclohexyl]ethanamid
SC1CCCS1	Thiolan-2-thiol
CSC1CSCCC1C(C)C	4-(1-Methylethyl)-3-(methylsulfanyl)thian
C1=CC=C(C2=CC=CO2)C=C1	2-Phenylfuran
CN1CC1C1=CC=CC=C1	1-Methyl-2-phenylaziridin
IC1CCS1	2-Iodthietan
CSC1OCC1C#N	2-(Methylsulfanyl)oxetan-3-carbonitril
C=CCC1NCC1=O	2-(Prop-2-enyl)azetidin-3-on
CNC(=O)C1C/C=C\CCCC1	(Z)-N-Methylcyclooct-3-en-1-carboxamid
CC(=O)C1CCCC([N+](=O)[O-])C(I)CC1	1-(4-Iod-5-nitrocyclooctyl)ethan-1-on
CCOC1=CC=C(I)C=C1	1-Ethoxy-4-iodbenzen
C=CC1CCCCCC(OCC)C1	1-Ethenyl-3-ethoxycyclooctan
C=CC1CN(C)C1=C	3-Ethenyl-1-methyl-2-methylidenazetidin
O=C(O)C1CCS1	Thietan-2-carbonsäure
CC(=O)NC1=CC=C(N(C)C)C=C1	N-[4-(Dimethylamino)phenyl]ethanamid
CNC(=O)C1=CCC(N(C)C)C=C1	4-(Dimethylamino)-N-methylcyclohexa-1,5-dien-1-carboxamid
CC(=O)OC1CCS1	Ethansäure(thietan-2-yl)ester
CCC1CC(Cl)=CC(C2=CC=CC=C2)C1	(3-Chlor-5-ethylcyclohex-2-enyl)benzen
C=CCC1(C(C)=O)CNC1/C=C/C	1-{2-[(E)-Prop-1-enyl]-3-(prop-2-enyl)azetidin-3-yl}ethan-1-on
CC1=CCC(N)C=C1	4-Methylcyclohexa-2,4-dien-1-amin
CC(=O)C1CSCC1C=O	4-Acetylthiolan-3-carbaldehyd
CNC(=O)C1CCCCC(S)(C(N)=O)C1	N′-Methyl-1-sulfanylcycloheptan-1,3-dicarboxamid
COC1CS1	2-Methoxythiiran
CCOC(=O)C1(OC)CCCO1	2-Methoxyoxolan-2-carbonsäureethylester
CCOC1C/C=C\CCCC1	(Z)-4-Ethoxycyclooct-1-en
BrC1CCCNC1	3-Brompiperidin
CC(=O)NC1=CC(N)CCC1	N-(3-Aminocyclohex-1-enyl)ethanamid
OCC1(F)SC1S	(2-Fluor-3-sulfanylthiiran-2-yl)methanol
O=C(O)C1=CC=CO1	Furan-2-carbonsäure
C#CC1CC1C#C	1,2-Diethinylcyclopropan
C=CC1=COC=C1N(C)C	4-Ethenyl-N,N-dimethylfuran-3-amin
C#CC1CCCO1	2-Ethinyloxolan
O=C(O)C1([N+](=O)[O-])CC=C(C2CCCCC2)C1	3-Cyclohexyl-1-nitrocyclopent-3-en-1-carbonsäure
C=C1CC=CC=C1C#N	6-Methylidencyclohexa-1,3-dien-1-carbonitril
CC(=O)NC1OCCC1S	N-(3-Sulfanyloxolan-2-yl)ethanamid
C=C1CC1	Methylidencyclopropan
OCC1CC(C2CCCCC2)C1	(3-Cyclohexylcyclobutyl)methanol
CCOC1CCCCC1OC(C)=O	Ethansäure(2-ethoxycyclohexyl)ester
N#CC1C(Br)CCC/C=C\C1C(N)=O	(Z)-7-Brom-8-cyanocyclooct-2-en-1-carboxamid
COC(=O)C1(C=O)CCO1	2-Formyloxetan-2-carbonsäuremethylester
NC1SC1C1CCCCC1	3-Cyclohexylthiiran-2-amin
C=C1CC1C(=O)OC	2-Methylidencyclopropan-1-carbonsäuremethylester
CCOC1CC=CC=C1C(=O)O	6-Ethoxycyclohexa-1,3-dien-1-carbonsäure
CS/C1=C/CCCCCC1	(E)-1-(Methylsulfanyl)cyclooct-1-en
CSC1=COC=C1	3-(Methylsulfanyl)furan
O=C1CCN(C2=CC=CC=C2)C1	1-Phenylpyrrolidin-3-on
CCOC(=O)C1SC1OCC	3-Ethoxythiiran-2-carbonsäureethylester
SC1=CC=CN=C1	Pyridin-3-thiol
CCOC1CN1	2-Ethoxyaziridin
C=CCC1=C(CC)C=CN=C1	4-Ethyl-3-(prop-2-enyl)pyridin
COC1CCCSC1	3-Methoxythian
NC(=O)C1=CC=CO1	Furan-2-carboxamid
C#CC1=CC=CS1	2-Ethinylthiophen
C#CC1CC(C)C(C(=O)OC)CO1	6-Ethinyl-4-methyloxan-3-carbonsäuremethylester
O=[N+]([O-])C1CCOC(C2=CC=CC=C2)C1	4-Nitro-2-phenyloxan
CNC(=O)C1=CC=CS1	N-Methylthiophen-2-carboxamid
CC(C)C1CCCCN1	2-(1-Methylethyl)piperidin
C=C1C=C(C(=O)NC)C=CC1	N-Methyl-3-methylidencyclohexa-1,5-dien-1-carboxamid
SC1CCCCN1	Piperidin-2-thiol
N#CC1CCC(I)=C(O)C1	3-Hydroxy-4-iodcyclohex-3-en-1-carbonitril
ClC1CC=CC1	4-Chlorcyclopent-1-en
COC1CCCCS1	2-Methoxythian
C=CCC1CCC(/C=C/C)C1S	2-[(E)-Prop-1-enyl]-5-(prop-2-enyl)cyclopentan-1-thiol
C=CC1C=CCC1OC(C)=O	Ethansäure(2-ethenylcyclopent-3-enyl)ester
NC1CCC(F)CO1	5-Fluoroxan-2-amin
C=CC1CC1C(=O)OCC	2-Ethenylcyclopropan-1-carbonsäureethylester
C=CCC1CCCC(F)N1	2-Fluor-6-(prop-2-enyl)piperidin
CC(=O)C1CCCCC(C(=O)O)CC1	4-Acetylcyclooctan-1-carbonsäure
CCOC1CC(C(=O)NC)([N+](=O)[O-])C1	3-Ethoxy-N-methyl-1-nitrocyclobutan-1-carboxamid
N#CC1CCCCC1	Cyclohexancarbonitril
CCOC(=O)C1=CCCC=C1N	6-Aminocyclohexa-1,5-dien-1-carbonsäureethylester
NC1CCC/C=C\CC1C=O	(Z)-8-Aminocyclooct-3-en-1-carbaldehyd
N#CC1C=C(C2CCCCC2)C(C2=CC=CC=C2)C1	3-Cyclohexyl-4-phenylcyclopent-2-en-1-carbonitril
O=CC1=CCCCC1	Cyclohex-1-en-1-carbaldehyd
C1=CC=C(N2CC2)C=C1	1-Phenylaziridin
CNC(=O)C1CC1I	2-Iod-N-methylcyclopropan-1-carboxamid
CC(=O)NC1CC1C(N)=O	2-(Acetylamino)cyclopropan-1-carboxamid
CC(=O)NC1CCCC(C(C)C)CC1	N-[4-(1-Methylethyl)cycloheptyl]ethanamid
O=C(O)C1C=CCCC1	Cyclohex-2-en-1-carbonsäure
ClC1=CNC(I)=C1Cl	3,4-Dichlor-2-iodpyrrol
CNC1(C2=CC=CC=C2)CC(CO)C1	[3-(Methylamino)-3-phenylcyclobutyl]methanol
C1=CC=C(C2C=CCC2)C=C1	(Cyclopent-2-enyl)benzen
CSC1CCCCC(Cl)CC1	1-Chlor-4-(methylsulfanyl)cyclooctan
O=C(O)C1CCN1	Azetidin-2-carbonsäure
N#CC1=CC=CN1	Pyrrol-2-carbonitril
C=CC1CCCCC(OCC)CC1	1-Ethenyl-4-ethoxycyclooctan
COC1=CC=CN1	2-Methoxypyrrol
C1=CC=C(C2=CC=CN2)C=C1	2-Phenylpyrrol
CCC1(C(N)=O)C/C=C\C(Br)CCC1	(Z)-5-Brom-1-ethylcyclooct-3-en-1-carboxamid
CNC1(N(C)C)CS1	N,N,N′-Trimethylthiiran-2,2-diamin
C#CC1CCC(CC=C)CO1	2-Ethinyl-5-(prop-2-enyl)oxan
C1=CC=C(C2CSCC2C2CCCCC2)C=C1	3-Cyclohexyl-4-phenylthiolan
CNC1C=CC(C(C)=O)C1C(N)=O	2-Acetyl-5-(methylamino)cyclopent-3-en-1-carboxamid
C=CCC1=CC=CS1	2-(Prop-2-enyl)thiophen
CC(=O)OC1=CC=NC=C1	Ethansäure(pyridin-4-yl)ester
COC1=CSC=C1	3-Methoxythiophen
CC(=O)NC1=CSC=C1	N-(Thiophen-3-yl)ethanamid
CC(C)C1CCC1	(1-Methylethyl)cyclobutan
CSC1(OC(C)=O)CC=CC1	Ethansäure[1-(methylsulfanyl)cyclopent-3-enyl]ester
O=C(O)C1=C(I)C=CCC1	2-Iodcyclohexa-1,3-dien-1-carbonsäure
CC(=O)NC1CO1	N-(Oxiran-2-yl)ethanamid
CCC1(S)SC1C(=O)O	3-Ethyl-3-sulfanylthiiran-2-carbonsäure
CNC1CCC(SC)C1	N-Methyl-3-(methylsulfanyl)cyclopentan-1-amin
CCC1CC(NC)O1	4-Ethyl-N-methyloxetan-2-amin
CC(=O)OC1CCOCC1	Ethansäure(oxan-4-yl)ester
FC1CCNCC1C1=CC=CC=C1	4-Fluor-3-phenylpiperidin
C/C=C/C1(N(C)C)CCS1	N,N-Dimethyl-2-[(E)-prop-1-enyl]thietan-2-amin
CCOC(=O)C1=CCC(C(C)C)C1CO	5-(Hydroxymethyl)-4-(1-methylethyl)cyclopent-1-en-1-carbonsäureethylester
CC(=O)OC1C=CCC(C(C)=O)=C1	Ethansäure(3-acetylcyclohexa-2,5-dienyl)ester
CCOC(=O)C1=CC=CO1	Furan-2-carbonsäureethylester
CCOC(=O)C1OCC1OC(C)=O	3-(Acetyloxy)oxetan-2-carbonsäureethylester
CC1CC(Br)C1	1-Brom-3-methylcyclobutan
C#CC1CCCCC(Br)C1	1-Brom-3-ethinylcycloheptan
CNC1(O)C=CCC1	1-(Methylamino)cyclopent-2-en-1-ol
C/C=C/C1CS1	2-[(E)-Prop-1-enyl]thiiran
CNC(=O)C1=CC=CC=N1	N-Methylpyridin-2-carboxamid
O=CC1=CCC=CC1	Cyclohexa-1,4-dien-1-carbaldehyd
C/C=C\C1(S)CC(SC)O1	4-(Methylsulfanyl)-2-[(Z)-prop-1-enyl]oxetan-2-thiol
CN(C)C1CN1	N,N-Dimethylaziridin-2-amin
OCC1(Cl)CS1	(2-Chlorthiiran-2-yl)methanol
O=C1CCC1S	2-Sulfanylcyclobutan-1-on
C=CC1CC1(I)C(=O)OC	2-Ethenyl-1-iodcyclopropan-1-carbonsäuremethylester
CCN1CCC1N	1-Ethylazetidin-2-amin
NC(=O)C1CCSC(N)C1O	2-Amino-3-hydroxythian-4-carboxamid
C1=CC=C(C2=CC=CS2)C=C1	2-Phenylthiophen
CSC1CCCO1	2-(Methylsulfanyl)oxolan
CNC1C=CC(I)C(C(=O)O)=C1	6-Iod-3-(methylamino)cyclohexa-1,4-dien-1-carbonsäure
C#CC1=C(/C=C/C)C=CO1	2-Ethinyl-3-[(E)-prop-1-enyl]furan
O=C1OC1I	3-Iodoxiran-2-on
CNC1CCSC1	N-Methylthiolan-3-amin
C1COC1	Oxetan
C1CCCC(C2CCCCC2)CC1	Cyclohexylcycloheptan
COC(=O)C1C=CC=CC1	Cyclohexa-2,4-dien-1-carbonsäuremethylester
FC1=CCC=C(C2=CC=CC=C2)C1	(5-Fluorcyclohexa-1,4-dienyl)benzen
C=C1C=CC([N+](=O)[O-])C=C1	3-Methyliden-6-nitrocyclohexa-1,4-dien
O=C1CCCCC1O	2-Hydroxycyclohexan-1-on
C#CC1=CC([N+](=O)[O-])=C(O)C=C1	4-Ethinyl-2-nitrophenol
C#CC1CCCC1C(=O)O	2-Ethinylcyclopentan-1-carbonsäure
CSC1CS1	2-(Methylsulfanyl)thiiran
C/C=C\C1CCN1CC	1-Ethyl-2-[(Z)-prop-1-enyl]azetidin
C=CCC1CCCCC1OC	1-Methoxy-2-(prop-2-enyl)cyclohexan
CCC1(OC)C=CC=CC1	5-Ethyl-5-methoxycyclohexa-1,3-dien
COC1CCC(C#N)CS1	6-Methoxythian-3-carbonitril
CNC(=O)C1(SC)CNC1	N-Methyl-3-(methylsulfanyl)azetidin-3-carboxamid
C=CCC1=CSC(NC(C)=O)=C1	N-[4-(Prop-2-enyl)thiophen-2-yl]ethanamid
CSC1CCCCCC1	(Methylsulfanyl)cycloheptan
C=CCC1CC/C=C(/C2CCCCC2)CCC1	(E)-1-Cyclohexyl-5-(prop-2-enyl)cyclooct-1-en
C=CCC1CCCSC1	3-(Prop-2-enyl)thian
NC(=O)C1=CCC(F)=CC1	4-Fluorcyclohexa-1,4-dien-1-carboxamid
ClC1=CCC=CC1	1-Chlorcyclohexa-1,4-dien
CCOC1=C(NC(C)=O)C=CN=C1	N-(3-Ethoxypyridin-4-yl)ethanamid
N#CC1CC1	Cyclopropancarbonitril
CCOC(=O)C1CCC(NC(C)=O)CO1	5-(Acetylamino)oxan-2-carbonsäureethylester
C1=CCC(C2CCCCC2)=CC1	1-Cyclohexylcyclohexa-1,4-dien
COC1CCCCC(S)C1O	2-Methoxy-7-sulfanylcycloheptan-1-ol
CNC(=O)C1CCCC(C#N)C1	3-Cyano-N-methylcyclohexan-1-carboxamid
CCOC(=O)C1=CCC=CC1	Cyclohexa-1,4-dien-1-carbonsäureethylester
CCOC1CCN1C1=CC=CC=C1	2-Ethoxy-1-phenylazetidin
CSC1(C)CCCNC1C(=O)O	3-Methyl-3-(methylsulfanyl)piperidin-2-carbonsäure
CN1CC1O	1-Methylaziridin-2-ol
NC(=O)C1CCCC(Br)CC1	4-Bromcycloheptan-1-carboxamid
C/C=C\C1=CC(/C=C\C)(OC(C)=O)CC1	Ethansäure{1,3-bis[(Z)-prop-1-enyl]cyclopent-2-enyl}ester
SC1=CCC=C(Cl)C1	5-Chlorcyclohexa-1,4-dien-1-thiol
O=C(O)C1=CC=CC=C1	Benzoesäure
C#CC1CCC1I	1-Ethinyl-2-iodcyclobutan
C=CC1=NC=CC=C1CO	(2-Ethenylpyridin-3-yl)methanol
C=CC1CNC1	3-Ethenylazetidin
CC(C)C1CC(N(C)C)C1C1CCCCC1	2-Cyclohexyl-N,N-dimethyl-3-(1-methylethyl)cyclobutan-1-amin
ClC1CCCOC1	3-Chloroxan
CNC(=O)C1C=C(C)CC1C1CCCCC1	5-Cyclohexyl-N,3-dimethylcyclopent-2-en-1-carboxamid
CCOC1CO1	2-Ethoxyoxiran
ClC1CCC(C2CCCCC2)=C1Br	(2-Brom-3-chlorcyclopent-1-enyl)cyclohexan
COC(=O)C1=CC=C(C=O)CC1	4-Formylcyclohexa-1,3-dien-1-carbonsäuremethylester
CCOC(=O)C1CC(N)N1	4-Aminoazetidin-2-carbonsäureethylester
C=CCC1CCCS1	2-(Prop-2-enyl)thiolan
CN(C)C1=CC=CS1	N,N-Dimethylthiophen-2-amin
CC(C)C1([N+](=O)[O-])CCC(C2=CC=CC=C2)CC1	[4-(1-Methylethyl)-4-nitrocyclohexyl]benzen
C#CC1(NC)CCCO1	2-Ethinyl-N-methyloxolan-2-amin
CNC1=COC=C1	N-Methylfuran-3-amin
CC(=O)OC1CCCC1CO	Ethansäure[2-(hydroxymethyl)cyclopentyl]ester
C=C1C=CC=C(NC)C1OCC	6-Ethoxy-N-methyl-5-methylidencyclohexa-1,3-dien-1-amin
C#CC1CCCNC1	3-Ethinylpiperidin
C=C1CO1	2-Methylidenoxiran
FC1CCCCCCC1	Fluorcyclooctan
C=CCC1(OC)CO1	2-Methoxy-2-(prop-2-enyl)oxiran
IC1CCCCC1	Iodcyclohexan
C=CCC1=NC=CC(C=O)=C1N	3-Amino-2-(prop-2-enyl)pyridin-4-carbaldehyd
C=CC1OCCC1C=O	2-Ethenyloxolan-3-carbaldehyd
CC(=O)C1CCCCCCC1	1-Cyclooctylethan-1-on
C#CC1CC(OC(C)=O)C1	Ethansäure(3-ethinylcyclobutyl)ester
CC(=O)OC1=CC=CC(Br)=C1	Ethansäure(3-bromphenyl)ester
N#CC1COCC1C1CCCCC1	4-Cyclohexyloxolan-3-carbonitril
C=C1OCC1N(C)C	N,N-Dimethyl-2-methylidenoxetan-3-amin
C=CCC1CCC(NC(C)=O)CC1Cl	N-[3-Chlor-4-(prop-2-enyl)cyclohexyl]ethanamid
C=CC1(C(C)C)CCCSC1	3-Ethenyl-3-(1-methylethyl)thian
C=CC1OC1C(=O)O	3-Ethenyloxiran-2-carbonsäure
O=C1CCCCC1	Cyclohexanon
C=CC1=CC=C(C=O)CC1	4-Ethenylcyclohexa-1,3-dien-1-carbaldehyd
C=C1CCCCC1C(=O)OC	2-Methylidencyclohexan-1-carbonsäuremethylester
CCN1CCC1NC	1-Ethyl-N-methylazetidin-2-amin
C1CS1	Thiiran
C#CC1(C2=CC=CC=C2)CCCCCC1	1-Ethinyl-1-phenylcycloheptan
O=C(O)C1CSC1	Thietan-3-carbonsäure
O=CC1CN1	Aziridin-2-carbaldehyd
OC1CCOC1	Oxolan-3-ol
CCOC1CCC1(C(=O)O)N(C)C	1-(Dimethylamino)-2-ethoxycyclobutan-1-carbonsäure
OC1CCCC1	Cyclopentanol
CC(=O)C1CC(CO)CCS1	1-[4-(Hydroxymethyl)thian-2-yl]ethan-1-on
C#CC1CCOCC1CO	(4-Ethinyloxan-3-yl)methanol
O=CC1CC=C(C2=CC=CC=C2)C1	3-Phenylcyclopent-3-en-1-carbaldehyd
C#CC1(OC(C)=O)CNC1N(C)C	Ethansäure[2-(dimethylamino)-3-ethinylazetidin-3-yl]ester
CC(=O)OC1CCSC1[N+](=O)[O-]	Ethansäure(2-nitrothiolan-3-yl)ester
C=CCC1CC(OCC)C1C(C)=O	1-[2-Ethoxy-4-(prop-2-enyl)cyclobutyl]ethan-1-on
CCOC(=O)C1=CC=CN1	Pyrrol-2-carbonsäureethylester
OCC1(O)CC1	1-(Hydroxymethyl)cyclopropan-1-ol
CNC1C=CC(NC(C)=O)C=C1F	N-[3-Fluor-4-(methylamino)cyclohexa-2,5-dienyl]ethanamid
O=CC1CSC1	Thietan-3-carbaldehyd
C1=CC=C(N2CCC2)C=C1	1-Phenylazetidin
N#CC1(O)NC1C1=CC=CC=C1	2-Hydroxy-3-phenylaziridin-2-carbonitril
FC1CCOC1	3-Fluoroxolan
NC(=O)C1C=CC(C2=CC=CC=C2)C(C2=CC=CC=C2)C1	4,5-Diphenylcyclohex-2-en-1-carboxamid
O=[N+]([O-])C1=C(O)C=CO1	2-Nitrofuran-3-ol
CNC1CCCCCC1	N-Methylcycloheptanamin
CCOC(=O)C1CCC(I)C1	3-Iodcyclopentan-1-carbonsäureethylester
O=CC1(F)CC([N+](=O)[O-])CCN1	2-Fluor-4-nitropiperidin-2-carbaldehyd
N#CC1CC/C=C\CCC1	(Z)-Cyclooct-4-en-1-carbonitril
CN(C)C1CCCC1Br	2-Brom-N,N-dimethylcyclopentan-1-amin
C=CCC1CSCC(SC)C1	3-(Methylsulfanyl)-5-(prop-2-enyl)thian
IC1CCSCC1	4-Iodthian
CC(C)C1CCC=C([N+](=O)[O-])C1	5-(1-Methylethyl)-1-nitrocyclohex-1-en
O=[N+]([O-])C1=CC=CCC1	1-Nitrocyclohexa-1,3-dien
CC(=O)NC1=C(C2=CC=CC=C2)C=CO1	N-(3-Phenylfuran-2-yl)ethanamid
C1CCSCC1	Thian
CCN1CCCC1	1-Ethylpyrrolidin
CCOC(=O)C1(O)CCCC(OCC)CC1	4-Ethoxy-1-hydroxycycloheptan-1-carbonsäureethylester
C=C1CN1CC	1-Ethyl-2-methylidenaziridin
O=C(O)C1(F)CC1	1-Fluorcyclopropan-1-carbonsäure
OC1CCSCC1	Thian-4-ol
O=C(O)C1(O)CCNC(O)C1	2,4-Dihydroxypiperidin-4-carbonsäure
C#CC1CCOC1	3-Ethinyloxolan
CCN1C=CC=C1	1-Ethylpyrrol
CSC1NC1(N)OC(C)=O	Ethansäure[2-amino-3-(methylsulfanyl)aziridin-2-yl]ester
CC(=O)C1CS1	1-(Thiiran-2-yl)ethan-1-on
C/C=C\C1COC1C#N	3-[(Z)-Prop-1-enyl]oxetan-2-carbonitril
CNC1CCC(C#N)N1C1=CC=CC=C1	5-(Methylamino)-1-phenylpyrrolidin-2-carbonitril
OCC1CCC1	Cyclobutylmethanol
CCOC1CCC(I)S1	2-Ethoxy-5-iodthiolan
C#CC1CCNC(Br)C1S	2-Brom-4-ethinylpiperidin-3-thiol
N#CC1C=C(C=O)CCC1	3-Formylcyclohex-2-en-1-carbonitril
CC(C)CCC(C)C1CCC(O)S1	5-(1,4-Dimethylpentyl)thiolan-2-ol
CC(CCCCC1CCCCC1)C(C)C1=CCC=CC1	1-(6-Cyclohexyl-1,2-dimethylhexyl)cyclohexa-1,4-dien
CCCCCCC1CN1CC	1-Ethyl-2-hexylaziridin
CCCC(NC)C(CO)CC1=CC=CCC1	2-[(Cyclohexa-1,3-dienyl)methyl]-3-(methylamino)hexan-1-ol
CCC(Cl)CC(C)C1CN1	2-(3-Chlor-1-methylpentyl)aziridin
CCOCC(C)(C1CCCCO1)C(C)C(=O)NC	4-Ethoxy-N,2,3-trimethyl-3-(oxan-2-yl)butanamid
CCC(CC)(CC/C1=C/CCCCCC1)CSC	(E)-1-{3-Ethyl-3-[(methylsulfanyl)methyl]pentyl}cyclooct-1-en
CCC(C)(C)C(C)CC1CO1	2-(2,3,3-Trimethylpentyl)oxiran
C#CC(C)C(CC(C)(C)C(=O)OC)C1CCCS1	2,2,5-Trimethyl-4-(thiolan-2-yl)hept-6-insäuremethylester
CCC(C)(CC1=CCC=CC1)C(C)C(=O)O	3-[(Cyclohexa-1,4-dienyl)methyl]-2,3-dimethylpentansäure
CCCC(C)CC1CCCC(NC)C1	N-Methyl-3-(2-methylpentyl)cyclohexan-1-amin
CCCC(C1CCCS1)C(OC(C)=O)C(C)C[N+](=O)[O-]	Ethansäure[1-(1-methyl-2-nitroethyl)-2-(thiolan-2-yl)pentyl]ester
C=CCCC(CC)CCC1CC(NC(C)=O)S1	N-[4-(3-Ethylhept-6-enyl)thietan-2-yl]ethanamid
C=C(CC)C(C)(Br)CCCC1CS1	2-(4-Brom-4-methyl-5-methylidenheptyl)thiiran
CC(C)C(C)C(C)(C)C1(Cl)CCCO1	2-Chlor-2-(1,1,2,3-tetramethylbutyl)oxolan
CCC(C)(CC)C(C(=O)O)C1CCS1	3-Ethyl-3-methyl-2-(thietan-2-yl)pentansäure
CCOCC(C)CC1CCCCS1	2-(3-Ethoxy-2-methylpropyl)thian
CC(CC(N)=O)C1=CCCCC1	3-(Cyclohex-1-enyl)butanamid
C=CCC(C)(C(C)CCC)C1CCS1	2-[1,2-Dimethyl-1-(prop-2-enyl)pentyl]thietan
CC(CCC1=CCCC1)C(O)CC=O	6-(Cyclopent-1-enyl)-3-hydroxy-4-methylhexanal
CCC(C)(C)/C1=C/CCCCC(C=O)C1	(E)-3-(1,1-Dimethylpropyl)cyclooct-3-en-1-carbaldehyd
CCC(CC)C(CCl)C1CCO1	2-[1-(Chlormethyl)-2-ethylbutyl]oxetan
CCC(CCCO)(C[N+](=O)[O-])C1CO1	4-(Nitromethyl)-4-(oxiran-2-yl)hexan-1-ol
CCCCCC(CC)C1CCC(C(C)C)N1	2-(1-Ethylhexyl)-5-(1-methylethyl)pyrrolidin
CCCC(Cl)CCCC1CCCCN1	2-(4-Chlorheptyl)piperidin
CNC1CCCCC(CCCC(C)C)CC1	N-Methyl-4-(4-methylpentyl)cyclooctan-1-amin
C#CC(C)(CC1CCCN1)CC(C)(C)C	2-(2-Ethinyl-2,4,4-trimethylpentyl)pyrrolidin
CC(C)C(C)C(C)C1CCCCCC1	(1,2,3-Trimethylbutyl)cycloheptan
CC(CCO)C(C=O)CC(C)(C)C1=CCCC1	2-[2-(Cyclopent-1-enyl)-2-methylpropyl]-5-hydroxy-3-methylpentanal
CC(=O)NCC(C)CCC(C)(C)C1CCCCC1	N-(5-Cyclohexyl-2,5-dimethylhexyl)ethanamid
CCC(CS)C1=CC=CCC1	2-(Cyclohexa-1,3-dienyl)butan-1-thiol
CCC(CCC=O)(CNC(C)=O)C1=CCCC1	N-[2-(Cyclopent-1-enyl)-2-ethyl-5-oxopentyl]ethanamid
CC(CC(=O)O)C(C)(C)/C1=C/CCCCCC1	4-[(E)-Cyclooct-1-enyl]-3,4-dimethylpentansäure
CC(C)(CCCC1CCCN1)C(=O)O	2,2-Dimethyl-5-(pyrrolidin-2-yl)pentansäure
CCC(C(C)C)C(C)C1=CC=CCC1	1-(2-Ethyl-1,3-dimethylbutyl)cyclohexa-1,3-dien
CC(=O)NC(C)(C1CO1)C(C)C(C)S	N-[1,2-Dimethyl-1-(oxiran-2-yl)-3-sulfanylbutyl]ethanamid
CCCC(CCC)C1CCCCCC1	(1-Propylbutyl)cycloheptan
CCC(CC)C1CCCCCC(=O)C1	3-(1-Ethylpropyl)cyclooctan-1-on
CC(C)(CC1=CC=CC=N1)C[N+](=O)[O-]	2-(2,2-Dimethyl-3-nitropropyl)pyridin
C/C=C\CCC(CC)C(CC)C1(Br)CCCN1	2-Brom-2-[(Z)-1,2-diethylhept-5-enyl]pyrrolidin
C=CCC(CC1CCCCC1)C(C)(C)CN(C)C	3-(Cyclohexylmethyl)-N,N,2,2-tetramethylhex-5-en-1-amin
CCCC(C)C(S)C1=CCC=CC1	1-(Cyclohexa-1,4-dienyl)-2-methylpentan-1-thiol
CCC(CCC#N)C1CC1	4-Cyclopropylhexannitril
CCC(C)(CC(C)C)C(C)(C)C1CCO1	2-(2-Ethyl-1,1,2,4-tetramethylpentyl)oxetan
CCC(C)(C)C(C)C/C1=C/CCCCCC1	(E)-1-(2,3,3-Trimethylpentyl)cyclooct-1-en
CNC(=O)C(CCC1=CCCCC1)C(C(C)=O)C(C)C	2-[2-(Cyclohex-1-enyl)ethyl]-N-methyl-3-(1-methylethyl)-4-oxopentanamid
CC(C)C(C)CCC1CS1	2-(3,4-Dimethylpentyl)thiiran
CCCCCCC(C)C1CCCCS1	2-(1-Methylheptyl)thian
CCCCCC(C)CC1=CC(NC)=CO1	N-Methyl-5-(2-methylheptyl)furan-3-amin
CCCC(CC)(C(=O)OC)C(C)C1=CCCC1	2-[1-(Cyclopent-1-enyl)ethyl]-2-ethylpentansäuremethylester
C#CC1CCCCCC1C(C)CC(C)(C)CCC	1-Ethinyl-2-(1,3,3-trimethylhexyl)cycloheptan
CC(=O)C(C)(C)CCC(C)CC1CCCCC1	7-Cyclohexyl-3,3,6-trimethylheptan-2-on
CCC(C)C(C)(CCO)CC1NC1C(=O)OC	3-[2-(2-Hydroxyethyl)-2,3-dimethylpentyl]aziridin-2-carbonsäuremethylester
CCCC(C)(CC)CC1CCCCC(C#N)CC1	4-(2-Ethyl-2-methylpentyl)cyclooctan-1-carbonitril
CCC(C)CCCC(C)(C)C1=CC=CCC1	1-(1,1,5-Trimethylheptyl)cyclohexa-1,3-dien
CC(F)CC(C)C1CCC(C(=O)O)CO1	6-(3-Fluor-1-methylbutyl)oxan-3-carbonsäure
CCCCC(C(C)C)(C1CCO1)[N+](=O)[O-]	2-[1-(1-Methylethyl)-1-nitropentyl]oxetan
CCCCC(C(N)=O)C(C#N)C(C)C1CCCC1	2-(1-Cyano-2-cyclopentylpropyl)hexanamid
CCOCC(C)CC(C1=CC=CO1)C(C)C	2-[4-Ethoxy-3-methyl-1-(1-methylethyl)butyl]furan
CC(C)(C)C(O)CCCC1=CC=CCC1	6-(Cyclohexa-1,3-dienyl)-2,2-dimethylhexan-3-ol
CCC(C)CC(C)CC1CCCCCCC1	(2,4-Dimethylhexyl)cyclooctan
CCCCC(C)(C)CC1=CC=CCC1OCC	1-(2,2-Dimethylhexyl)-6-ethoxycyclohexa-1,3-dien
CCC(C)(CC(C)C)C1CO1	2-(1-Ethyl-1,3-dimethylbutyl)oxiran
CCC(CC(C)C)C(CC1CCS1)CN(C)C	3-Ethyl-N,N,5-trimethyl-2-[(thietan-2-yl)methyl]hexan-1-amin
CCCC(/C1=C/CCC([N+](=O)[O-])CCC1)C(C)CC	(E)-1-(2-Methyl-1-propylbutyl)-5-nitrocyclooct-1-en
C=CC(CC)CC(C)(C)CC1=CCCCC1	1-(4-Ethyl-2,2-dimethylhex-5-enyl)cyclohex-1-en
CC(C)C1=CC=C(C(N)=O)S1	5-(1-Methylethyl)thiophen-2-carboxamid
C#CC1(C(C)CCCCC)CS1	2-Ethinyl-2-(1-methylhexyl)thiiran
CCC(CCCC=O)C1=CCC=CC1	5-(Cyclohexa-1,4-dienyl)heptanal
CCCC(C)CC(C)C1CCCS1	2-(1,3-Dimethylhexyl)thiolan
CCCCC1=CC(OCC)=CO1	2-Butyl-4-ethoxyfuran
CCC(CC)C(C)(C)C1=CC(N(C)C)=CCC1	5-(2-Ethyl-1,1-dimethylbutyl)-N,N-dimethylcyclohexa-1,5-dien-1-amin
CCCCC(C1=CC=CC=C1NC(C)=O)C(C)C	N-{2-[1-(1-Methylethyl)pentyl]phenyl}ethanamid
CCC(C)(C)CC(C)C1CCCCN1	2-(1,3,3-Trimethylpentyl)piperidin
CCC(CCOC)(C(C)C)C1CCCCS1	2-[1-Ethyl-1-(2-methoxyethyl)-2-methylpropyl]thian
CCC(C)(C1CCCCC(C(=O)O)C1)C(C)C1=CC=CC=C1	3-(1-Ethyl-1-methyl-2-phenylpropyl)cycloheptan-1-carbonsäure
CCC(S)CC(C)CC1=CC=CC=C1	5-Methyl-6-phenylhexan-3-thiol
CC(C)(C)CC(C)(C[N+](=O)[O-])C1(C2=CC=CC=C2)CCCCN1	2-Phenyl-2-[1,3,3-trimethyl-1-(nitromethyl)butyl]piperidin
CCC(C)(CC)C1=CCCC1	1-(1-Ethyl-1-methylpropyl)cyclopent-1-en
CC(C)CC(C)(C)CC1=CC=CS1	2-(2,2,4-Trimethylpentyl)thiophen
CC(Br)C(C)(C)C(C)(C)C1=CCC=CC1	1-(3-Brom-1,1,2,2-tetramethylbutyl)cyclohexa-1,4-dien
CCC(C)(CN)C(C)CC1CCO1	2-Ethyl-2,3-dimethyl-4-(oxetan-2-yl)butan-1-amin
CCCC(CC1=CCCCC1)C(C)CNC(C)=O	N-{3-[(Cyclohex-1-enyl)methyl]-2-methylhexyl}ethanamid
CCC(CCC1CCC(OC)C1)C(C)C	1-(3-Ethyl-4-methylpentyl)-3-methoxycyclopentan
CC(C)C(CC1=CC=CC=C1)CC1CN1	2-[3-Methyl-2-(phenylmethyl)butyl]aziridin
CC1CCC(C(C)(CN(C)C)C(C)C)C1	N,N,2,3-Tetramethyl-2-(3-methylcyclopentyl)butan-1-amin
CC(C)C(C)(C)C1CO1	2-(1,1,2-Trimethylpropyl)oxiran
CNC(=O)CC(C)C(C)C(C)(C)C1CCC1	5-Cyclobutyl-N,3,4,5-tetramethylhexanamid
CSC(C)(C)CCCC1CCCCC1	[4-Methyl-4-(methylsulfanyl)pentyl]cyclohexan
CCC(CCC(C)CC1CO1)SC	2-[2-Methyl-5-(methylsulfanyl)heptyl]oxiran
CCOC(=O)C1CCCCCC1C(C)C(CC)CC	2-(2-Ethyl-1-methylbutyl)cycloheptan-1-carbonsäureethylester
CC(C)C(C)(C(C)C[N+](=O)[O-])C1CCCN1	2-[1,2-Dimethyl-1-(1-methylethyl)-3-nitropropyl]pyrrolidin
C=CCC(C)(COCC)C(CC)CCC1CO1	2-[4-(Ethoxymethyl)-3-ethyl-4-methylhept-6-enyl]oxiran
CC(C)C(C)C(C(C)C)C1CC1	[2,3-Dimethyl-1-(1-methylethyl)butyl]cyclopropan
CCC(C)CC1CCS1	2-(2-Methylbutyl)thietan
CC(C)(CCC(C)(C)C1CCCCC1)C1=CC=CC=N1	2-(4-Cyclohexyl-1,1,4-trimethylpentyl)pyridin
CCC(C)C1=CCCC1	1-(1-Methylpropyl)cyclopent-1-en
CC(C)CC(C)(C)C1=CC=CS1	2-(1,1,3-Trimethylbutyl)thiophen
CC(C)CC(C)CCC1CCC1	(3,5-Dimethylhexyl)cyclobutan
CCCC(CC)C(C)C1CCC1	(2-Ethyl-1-methylpentyl)cyclobutan
CCC(C)(C(C)Br)C1CCCCS1	2-(2-Brom-1-ethyl-1-methylpropyl)thian
CCC(C(C)CC(C)=O)C1CCS1	4-Methyl-5-(thietan-2-yl)heptan-2-on
CCCCC(C)CCC1CC1Br	1-Brom-2-(3-methylheptyl)cyclopropan
CCC(C)C(C)CCC1=CC=CC=C1	(3,4-Dimethylhexyl)benzen
CCCC(CC(C)(C)CC(=O)OCC)C1CCCN1	3,3-Dimethyl-5-(pyrrolidin-2-yl)octansäureethylester
CCCC(CC(C)=O)C(C)(C)C1=CC=CCC1	4-[1-(Cyclohexa-1,3-dienyl)-1-methylethyl]heptan-2-on
CCCCC(CC(C)NC(C)=O)C1=CC=CS1	N-[1-Methyl-3-(thiophen-2-yl)heptyl]ethanamid
CC(C)C(C)(C)CCC1=CC=CCC1	1-(3,3,4-Trimethylpentyl)cyclohexa-1,3-dien
CCCC(C)C/C1=C/CCCC(Br)CC1	(E)-6-Brom-1-(2-methylpentyl)cyclooct-1-en
CC(=O)C(C)(C)C1NCC1N(C)C	3-[3-(Dimethylamino)azetidin-2-yl]-3-methylbutan-2-on
CC(CC1CO1)CC(C)(C)C	2-(2,4,4-Trimethylpentyl)oxiran
CCCCC(C)(C)CC1CCS1	2-(2,2-Dimethylhexyl)thietan
CCC(C)(F)C(C)(CC)C1CCCCCCC1	(1-Ethyl-2-fluor-1,2-dimethylbutyl)cyclooctan
C=CC(C)C(C)CC1=CCCC1	1-(2,3-Dimethylpent-4-enyl)cyclopent-1-en
CC(C)C(C)C(C)CC1CCCCC1	(2,3,4-Trimethylpentyl)cyclohexan
CCCCCCC1CS1	2-Hexylthiiran
CCC(CCCO)CCCC1CCO1	4-Ethyl-7-(oxetan-2-yl)heptan-1-ol
CCCCC1CCCC(I)O1	2-Butyl-6-iodoxan
CCC(C)CCCCC1CO1	2-(5-Methylheptyl)oxiran
C=CC(CCC)C1CCCO1	2-(1-Ethenylbutyl)oxolan
CCCC(C)C(C)CC1CCS1	2-(2,3-Dimethylhexyl)thietan
CSC(N(C)C)C(C)(C)CCC(C)C1CCCO1	N,N,2,2-Tetramethyl-1-(methylsulfanyl)-5-(oxolan-2-yl)hexan-1-amin
CC(CCC(C)(C)C)C1CCN1	2-(1,4,4-Trimethylpentyl)azetidin
C=CCCC(C)(C)CC1CCN1	2-(2,2-Dimethylhex-5-enyl)azetidin
CC(C1CCN1)C(C)C(C)(C)C	2-(1,2,3,3-Tetramethylbutyl)azetidin
CCCCC(CCC)C1CCCCN1CC	1-Ethyl-2-(1-propylpentyl)piperidin
C/C=C/C(C)(CCC(C)C)C1CCCCCCC1	{1,4-Dimethyl-1-[(E)-prop-1-enyl]pentyl}cyclooctan
C#CC1(CC(C)C(C)(C)C)CCCCCCC1	1-Ethinyl-1-(2,3,3-trimethylbutyl)cyclooctan
CCCC(C)(C)CC1CCS1	2-(2,2-Dimethylpentyl)thietan
CCCC1CCCC(C=O)C1	3-Propylcyclohexan-1-carbaldehyd
CCCC(C(C)CC)C1CCCCC(OC)C1	1-Methoxy-3-(2-methyl-1-propylbutyl)cycloheptan
CCCCCCCCC1CCCCO1	2-Octyloxan
C#CCC(C)(C)C(CC)C1CCN1	2-(1-Ethyl-2,2-dimethylpent-4-inyl)azetidin
CC(CC1=CCC=CC1)C(C)(C)C(C)[N+](=O)[O-]	1-(2,3,3-Trimethyl-4-nitropentyl)cyclohexa-1,4-dien
C=C(C)C(C)(C)CCC1=CCCCC1	1-(3,3,4-Trimethylpent-4-enyl)cyclohex-1-en
CCCCC(C)(CI)CC1CCCCC1	[2-(Iodmethyl)-2-methylhexyl]cyclohexan
C=CCCC(CC1CCCCC1)C(C)(C)C	[2-(1,1-Dimethylethyl)hex-5-enyl]cyclohexan
C=C1CCCCCCC1C(C)CC(C)CCC	1-(1,3-Dimethylhexyl)-2-methylidencyclooctan
C#CC1CCCC(CCC(C)(C)CC)CCC1	1-(3,3-Dimethylpentyl)-5-ethinylcyclooctan
C=CCC(CC(CC)CC)C1OC1Cl	2-Chlor-3-[3-ethyl-1-(prop-2-enyl)pentyl]oxiran
CCC(C)(C)CC(C)C1=CC=CCC1	1-(1,3,3-Trimethylpentyl)cyclohexa-1,3-dien
CCCC(C)C(C)(CC1=CC=CC=C1)C1=CCCCC1	[2-(Cyclohex-1-enyl)-2,3-dimethylhexyl]benzen
CCC(CC=O)CC1=CC=CC=N1	3-[(Pyridin-2-yl)methyl]pentanal
CCC(C)C(C(C)Cl)C1CCCCC(C=O)CC1	4-[1-(1-Chlorethyl)-2-methylbutyl]cyclooctan-1-carbaldehyd
CCCC(CCO)CC1CCC(Br)CS1	3-[(5-Bromthian-2-yl)methyl]hexan-1-ol
CC(C)(C(=O)O)C1=CC=CO1	2-(Furan-2-yl)-2-methylpropansäure
C#CCC(C)(CC(C)(C)CBr)C1=CCCCC1	1-[1-(3-Brom-2,2-dimethylpropyl)-1-methylbut-3-inyl]cyclohex-1-en
CCCCCCCCC1=C(C=O)C=CO1	2-Octylfuran-3-carbaldehyd
CCC(C)C(CC)C1CCCCCC1	(1-Ethyl-2-methylbutyl)cycloheptan
CCC(C)C(C)CCC1CCC1	(3,4-Dimethylhexyl)cyclobutan
CCCC(C)C(Br)CCC1CCCC1	(3-Brom-4-methylheptyl)cyclopentan
CCCCC(C1=CCCC1)C(C)CS	3-(Cyclopent-1-enyl)-2-methylheptan-1-thiol
CCCC(C)C(CC)C1CCCC(C2CCCCC2)C1	1-Cyclohexyl-3-(1-ethyl-2-methylpentyl)cyclohexan
CCOC(=O)CC(CC)(C1=CC=CN1)C(C)CC	3-Ethyl-4-methyl-3-(pyrrol-2-yl)hexansäureethylester
CCC(CC(C)C)C1CC(NC(C)=O)CCS1	N-[2-(1-Ethyl-3-methylbutyl)thian-4-yl]ethanamid
CCCCCCC(C)(S)C1CCCC1	2-Cyclopentyloctan-2-thiol
CCC(CC)(CC)CC1CO1	2-(2,2-Diethylbutyl)oxiran
CCC(C)CCCCC1CCCCC1	(5-Methylheptyl)cyclohexan
CC(=O)NC(C)CC(C)CCCC1CCCCCCC1	N-(6-Cyclooctyl-1,3-dimethylhexyl)ethanamid
CCC(CCC(C)C)C1CC(=O)CN1	5-(1-Ethyl-4-methylpentyl)pyrrolidin-3-on
CCOC(=O)C1C/C=C(/CCC(C)C(C)(C)C)CCCC1	(E)-4-(3,4,4-Trimethylpentyl)cyclooct-3-en-1-carbonsäureethylester
CC(CC1CCC1)CC(S)C(C)C	6-Cyclobutyl-2,5-dimethylhexan-3-thiol
CC(C)C1SCC1CO	[2-(1-Methylethyl)thietan-3-yl]methanol
COCCCC(C)CC1CCCCCCC1	(5-Methoxy-2-methylpentyl)cyclooctan
CC(C)/C1=C(\F)CCCCCC1	(Z)-1-Fluor-2-(1-methylethyl)cyclooct-1-en
CC(C)CC(C)CC1=CCCCC1	1-(2,4-Dimethylpentyl)cyclohex-1-en
CNCC(C)(CC1=CCC=C(C(=O)O)C1)CC(C)C	5-{2,4-Dimethyl-2-[(methylamino)methyl]pentyl}cyclohexa-1,4-dien-1-carbonsäure
C=CCCC(CCC)C(C)CC1CCC1C=O	2-(2-Methyl-3-propylhept-6-enyl)cyclobutan-1-carbaldehyd
CCC(CC(C)C)C1=CC(I)CCC1	1-(1-Ethyl-3-methylbutyl)-3-iodcyclohex-1-en
C=CC(CC)(CCC)CC1=CCC=CC1	1-(2-Ethenyl-2-ethylpentyl)cyclohexa-1,4-dien
CCC(CC)C(C)C1CCCN1	2-(2-Ethyl-1-methylbutyl)pyrrolidin
CCCCCC(C)(C(=O)O)C1CO1	2-Methyl-2-(oxiran-2-yl)heptansäure
CCC(C)(C)C(C)CC1CCCCN1	2-(2,3,3-Trimethylpentyl)piperidin
CCCC(C)(CC1CCN1)C(C)CO	3-[(Azetidin-2-yl)methyl]-2,3-dimethylhexan-1-ol
COCCC(C)CC1CCCCS1	2-(4-Methoxy-2-methylbutyl)thian
CCCCC(CC(C)C1CCC1)C(=O)O	2-(2-Cyclobutylpropyl)hexansäure
CCC(C(=O)NC)C(C1CO1)C(C)(CC)N(C)C	4-(Dimethylamino)-2-ethyl-N,4-dimethyl-3-(oxiran-2-yl)hexanamid
CCCC(C)C1=CCC=CC1	1-(1-Methylbutyl)cyclohexa-1,4-dien
CC(C)CCCCC(C)C1CCCCC(I)CC1	1-(1,6-Dimethylheptyl)-4-iodcyclooctan
CC(C)(CCC#N)CCC1CN1	6-(Aziridin-2-yl)-4,4-dimethylhexannitril
CCCC(C)(CC)C1CCCCC1	(1-Ethyl-1-methylbutyl)cyclohexan
C=CC(C)CC1CCS1	2-(2-Methylbut-3-enyl)thietan
C=C(CC)C(C1=CCCCC1)C(CC)C1CCCCC1	1-[1-(1-Cyclohexylpropyl)-2-methylidenbutyl]cyclohex-1-en
CCC(C)CC1CCCCCCC1	(2-Methylbutyl)cyclooctan
CNC1CCOC1C1CCCCN1	N-Methyl-2-(piperidin-2-yl)oxolan-3-amin
O=C(/C1=C/CCCCCC1)C1CCO1	[(E)-Cyclooct-1-enyl](oxetan-2-yl)methanon
O=C(C1CCCO1)C1CCCS1	(Oxolan-2-yl)(thiolan-2-yl)methanon
C1=C(CCC2CCC2)CCCC1	1-(2-Cyclobutylethyl)cyclohex-1-en
C1CC(NC2CC2)N1	N-Cyclopropylazetidin-2-amin
C1CCCC(CC2CCCCS2)CCC1	2-(Cyclooctylmethyl)thian
C1=C(/OC2CCN2)CCCCCC/1	2-{[(E)-Cyclooct-1-enyl]oxy}azetidin
O=C(C1CC1)C1CCCC1Br	(2-Bromcyclopentyl)(cyclopropyl)methanon
C1=C(/C2CCCS2)CCCCCC/1	2-[(E)-Cyclooct-1-enyl]thiolan
C1=CCC(C2CCS2)=CC1	2-(Cyclohexa-1,4-dienyl)thietan
C/C=C/C1NC1OC1=CC=CN1	2-({3-[(E)-Prop-1-enyl]aziridin-2-yl}oxy)pyrrol
O=C(C1CCCCO1)C1(C2=CC=CC=C2)CCCCN1	(Oxan-2-yl)(2-phenylpiperidin-2-yl)methanon
C1=C(/CC2CCC(C3CCCCC3)S2)CCCCCC/1	2-Cyclohexyl-5-{[(E)-cyclooct-1-enyl]methyl}thiolan
O=C(C1=CCCC1)C1CCCCCC1	Cycloheptyl(cyclopent-1-enyl)methanon
C=CC1=COC(NC2=CC=CN2)=C1	N-(4-Ethenylfuran-2-yl)pyrrol-2-amin
CC(=O)OC1CCC=C(CCC2=CC=CS2)C1	Ethansäure{3-[2-(thiophen-2-yl)ethyl]cyclohex-3-enyl}ester
CC(=O)NC1C=CCC(CCC2CCCN2)=C1	N-{3-[2-(Pyrrolidin-2-yl)ethyl]cyclohexa-2,5-dienyl}ethanamid
C1SC1C1CS1	2-(Thiiran-2-yl)thiiran
C1CCC(NC2CC2)C1	N-Cyclopropylcyclopentanamin
C=C1OC1CC1=CCC=CC1	2-[(Cyclohexa-1,4-dienyl)methyl]-3-methylidenoxiran
C1=C(OC2CCCCCCC2)CCC1	[(Cyclopent-1-enyl)oxy]cyclooctan
O=C(C1CCCCN1)C1CCCO1	(Oxolan-2-yl)(piperidin-2-yl)methanon
O=C(C1=CC=CC=N1)C1CO1	(Oxiran-2-yl)(pyridin-2-yl)methanon
C1=CSC(OC2CCN2)=C1	2-[(Thiophen-2-yl)oxy]azetidin
COC1(CCC2=CC=CS2)CCCCS1	2-Methoxy-2-[2-(thiophen-2-yl)ethyl]thian
C1CC(NC2CN2)C1	N-Cyclobutylaziridin-2-amin
C1=C(/CC2CCCCN2)CCCCCC/1	2-{[(E)-Cyclooct-1-enyl]methyl}piperidin
CC(=O)C1CCOC1OC1CCCS1	1-{2-[(Thiolan-2-yl)oxy]oxolan-3-yl}ethan-1-on
C1=C(/C2=C/CCCCCC2)CCC1	(E)-1-(Cyclopent-1-enyl)cyclooct-1-en
C1CCC(C2CCCCS2)CC1	2-Cyclohexylthian
C1CCC(CC2CCCS2)C1	2-(Cyclopentylmethyl)thiolan
C1=CCC(NC2CS2)=CC1	N-(Cyclohexa-1,4-dienyl)thiiran-2-amin
CC1=C(C2CCCCO2)SC=C1	2-(3-Methylthiophen-2-yl)oxan
SC1CCSC(CCC2CN2)C1	2-[2-(Aziridin-2-yl)ethyl]thian-4-thiol
COC1CCC1NC1CCS1	N-(2-Methoxycyclobutyl)thietan-2-amin
C1=CNC(NC2=CCCC2)=C1	N-(Cyclopent-1-enyl)pyrrol-2-amin
C1=CCC(C2CCCCO2)=CC1	2-(Cyclohexa-1,4-dienyl)oxan
C=CCC1(C2=CCC=CC2)CC1	1-[1-(Prop-2-enyl)cyclopropyl]cyclohexa-1,4-dien
C1=C(C2CCCCC2)CCCC1	1-Cyclohexylcyclohex-1-en
O=C(C1CCCN1)C1CCN1	(Azetidin-2-yl)(pyrrolidin-2-yl)methanon
N#CC1=CN=C(C(=O)C2CCCCN2)C=C1	6-[(Piperidin-2-yl)carbonyl]pyridin-3-carbonitril
C=CC1(C2CCCCCCC2)CS1	2-Cyclooctyl-2-ethenylthiiran
C#CC1(CCC2CCO2)CCCCCCC1	2-[2-(1-Ethinylcyclooctyl)ethyl]oxetan
O=C(C1=CC=CCC1)C1CO1	(Cyclohexa-1,3-dienyl)(oxiran-2-yl)methanon
O=C(C1CCS1)C1CCS1	Bis(thietan-2-yl)methanon
C1CCC(OC2CCCCS2)OC1	2-[(Thian-2-yl)oxy]oxan
C1CC(NC2CCS2)C1	N-Cyclobutylthietan-2-amin
C1CCCC(CC2CCN2)CCC1	2-(Cyclooctylmethyl)azetidin
O=C(/C1=C/CCCCCC1)C1CN1	(Aziridin-2-yl)[(E)-cyclooct-1-enyl]methanon
CC(C)COC(=O)C(C)C	2-Methylpropansäure(2-methylpropyl)ester
CCCCCC(=O)OCC(C)CC	Hexansäure(2-methylbutyl)ester
CCCCCNCC(C)(C)C	N-(2,2-Dimethylpropyl)pentan-1-amin
CCNC(=O)C(C)(C)CC	N-Ethyl-2,2-dimethylbutanamid
CCCCCOC(=O)CCCC	Pentansäurepentylester
CCCCN(CC(C)C)C(C)C	N-(1-Methylethyl)-N-(2-methylpropyl)butan-1-amin
CC(CO)CC(=O)OC(C)C	4-Hydroxy-3-methylbutansäure(1-methylethyl)ester
CN(CC(C)(C)C)C(=O)CC(C)(C)C	N-(2,2-Dimethylpropyl)-N,3,3-trimethylbutanamid
CCCCN(C)C(=O)C(C)C	N-Butyl-N,2-dimethylpropanamid
CCCCNC(=O)CC(C)CC	N-Butyl-3-methylpentanamid
CCC(C)(OC(C)=O)C(C)(C)CC(=O)OC(C)C	4-(Acetyloxy)-3,3,4-trimethylhexansäure(1-methylethyl)ester
COC(=O)CC(C)(C)C(=O)OC	2,2-Dimethylbutandisäuredimethylester
CCCOC(=O)C(C)(C)CC	2,2-Dimethylbutansäurepropylester
CC(C)COCC(C)(C)C	2,2-Dimethyl-1-(2-methylpropoxy)propan
CCN(CC(C)(C)C)C(C)(C)CF	N-Ethyl-N-(2-fluor-1,1-dimethylethyl)-2,2-dimethylpropan-1-amin
CCCCC(C)COC=O	Methansäure(2-methylhexyl)ester
CCC(C)N(CC(=O)O)C(C)CC	2-[Bis(1-methylpropyl)amino]ethansäure
CCCC(C)OC(C)(C)CC	2-(1,1-Dimethylpropoxy)pentan
CCCCSCC(C)CC(=O)OCC	4-(Butylsulfanyl)-3-methylbutansäureethylester
CCC(CC)C(=O)N(C)CC(C)C	2-Ethyl-N-methyl-N-(2-methylpropyl)butanamid
CCCCC(=O)OCCC	Pentansäurepropylester
C=C(CC)OC(C)=O	Ethansäure(1-methylidenpropyl)ester
CCCC(C)N(C)CCC(C)C	N-Methyl-N-(3-methylbutyl)pentan-2-amin
CCC(=O)OC(C)CC	Propansäure(1-methylpropyl)ester
CCCCCN(C)C(=O)CC(C)(C)CC(=O)NC	N,N′,3,3-Tetramethyl-N-pentylpentandiamid
CCCCCCCC(OC(C)=O)C(=O)OC	2-(Acetyloxy)nonansäuremethylester
CCOC(=O)C(C(C)C(=O)OC)C(C)(C)C	2-(1,1-Dimethylethyl)-3-methylbutandisäure-1-ethyl-4-methylester
CCCN(C)C(=O)C(C)CC	N,2-Dimethyl-N-propylbutanamid
CCOC(C)(C)CCF	3-Ethoxy-1-fluor-3-methylbutan
CCC(C)N(C(C)C)C(C)CC	N-(1-Methylethyl)-N-(1-methylpropyl)butan-2-amin
CCCN(CC)CC(C)CC	N-Ethyl-2-methyl-N-propylbutan-1-amin
CCCNCC(C)CC	2-Methyl-N-propylbutan-1-amin
CCCNC(C)CCC	N-Propylpentan-2-amin
CCC(C)CC(=O)OCCC(C)C	3-Methylpentansäure(3-methylbutyl)ester
CCCCCN(CC)C(C)C	N-Ethyl-N-(1-methylethyl)pentan-1-amin
CCCC(C[N+](=O)[O-])C(=O)OCCC(C)C	2-(Nitromethyl)pentansäure(3-methylbutyl)ester
CCCC(=O)OCC(C)(C)C	Butansäure(2,2-dimethylpropyl)ester
CC(C)OCCCl	2-(2-Chlorethoxy)propan
CCOC(=O)CC(C)CC(C)(C)CC(=O)OC	3,3,5-Trimethylheptandisäure-7-ethyl-1-methylester
CCCCSC(C)N(C)C	1-(Butylsulfanyl)-N,N-dimethylethan-1-amin
COC(=O)CC(C)(C)CC(C)C	3,3,5-Trimethylhexansäuremethylester
CCC(OC)C(C)OC=O	Methansäure(2-methoxy-1-methylbutyl)ester
CCCC(C)C(=O)OCC(C)C	2-Methylpentansäure(2-methylpropyl)ester
CCC(C)(N)C(=O)N(C)CC(C)C	2-Amino-N,2-dimethyl-N-(2-methylpropyl)butanamid
CCC(C)COC(=O)CC(C)C	3-Methylbutansäure(2-methylbutyl)ester
CSCC(C#N)C(C)C	3-Methyl-2-[(methylsulfanyl)methyl]butannitril
C#CC(C)C(C)(C)NCC(C)C	2,3-Dimethyl-N-(2-methylpropyl)pent-4-in-2-amin
C/C=C/C(C)C(C)CC(=O)OCC(C)(C)C	(E)-3,4-Dimethylhept-5-ensäure(2,2-dimethylpropyl)ester
CCC(CC)SCC(C)C	3-[(2-Methylpropyl)sulfanyl]pentan
CCCC(=O)OC(C)(C)C	Butansäure(1,1-dimethylethyl)ester
CNCC(C)(C)CO	2,2-Dimethyl-3-(methylamino)propan-1-ol
CC(C)CNCC(C)O	1-[(2-Methylpropyl)amino]propan-2-ol
CCNC(=O)C(C)C	N-Ethyl-2-methylpropanamid
CCC(C)COCC(C)(C)C	1-(2,2-Dimethylpropoxy)-2-methylbutan
CCCCOCC(C)(C)C	1-(2,2-Dimethylpropoxy)butan
CCC(C)CN(C)C(C)=O	N-Methyl-N-(2-methylbutyl)ethanamid
CC(C)CNCC(C)C	2-Methyl-N-(2-methylpropyl)propan-1-amin
CCC(C)N(CC(C)C)C(C)C	N-(1-Methylethyl)-N-(2-methylpropyl)butan-2-amin
CCCCC(=O)OCC(C)C	Pentansäure(2-methylpropyl)ester
CCC(CCCC(C)C(=O)OC)OC(C)=O	6-(Acetyloxy)-2-methyloctansäuremethylester
CCOCC(C)[N+](=O)[O-]	1-Ethoxy-2-nitropropan
CC(C)CNCC(C)(C)C	2,2-Dimethyl-N-(2-methylpropyl)propan-1-amin
CCCC(C)N(C)C(C)(C)C	N-(1,1-Dimethylethyl)-N-methylpentan-2-amin
CCCC(C)C(=O)OC(C)(C)CC	2-Methylpentansäure(1,1-dimethylpropyl)ester
CCCN(CC)C(C)CC(=O)OC	3-[Ethyl(propyl)amino]butansäuremethylester
CCCCC(=O)OC(C)CCC	Pentansäure(1-methylbutyl)ester
CCCC(=O)N(C)C(C)C(C)C	N-(1,2-Dimethylpropyl)-N-methylbutanamid
CCC(C)CC(=O)NCCC(C)C	3-Methyl-N-(3-methylbutyl)pentanamid
CCCCCC(C(=O)OCC)C(C)C(=O)OCC	2-Methyl-3-pentylbutandisäurediethylester
CCC(=O)N(C)CCF	N-(2-Fluorethyl)-N-methylpropanamid
CCCCOC(=O)CC(C)C	3-Methylbutansäurebutylester
CCCOCC(C)C	2-Methyl-1-propoxypropan
CCC(C)(C)SCC(C)(C)C	2-[(2,2-Dimethylpropyl)sulfanyl]-2-methylbutan
CC(=O)CSCC(C)C	1-[(2-Methylpropyl)sulfanyl]propan-2-on
CSC(N(CC(C)C)C(C)C)C(C)(C)C	2,2-Dimethyl-N-(1-methylethyl)-N-(2-methylpropyl)-1-(methylsulfanyl)propan-1-amin
CCCCN(C(C)C)C(C)CCC	N-Butyl-N-(1-methylethyl)pentan-2-amin
CCOCC(C)CCNC	4-Ethoxy-N,3-dimethylbutan-1-amin
CCC(C)OC(=O)C(C)CC	2-Methylbutansäure(1-methylpropyl)ester
CCCCCN(CC)CC	N,N-Diethylpentan-1-amin
CCC(C)N(C)CC(C)(C)C	N-(2,2-Dimethylpropyl)-N-methylbutan-2-amin
CCC(CCC(=O)OC)C(C)C(=O)OC	3-Ethyl-2-methylhexandisäuredimethylester
CCCC(C)C(=O)N(C)CCC	N,2-Dimethyl-N-propylpentanamid
CCCC(C)(CCC)C(=O)OC(C)C	2-Methyl-2-propylpentansäure(1-methylethyl)ester
CN(C[N+](=O)[O-])CC(C)(C)C	N,2,2-Trimethyl-N-(nitromethyl)propan-1-amin
CCCCCNCCCCC	N-Pentylpentan-1-amin
CCCC(=O)NC(C)CCC	N-(1-Methylbutyl)butanamid
CCNC(=O)C(C)C(C)C	N-Ethyl-2,3-dimethylbutanamid
CCCNC(C)(C)CC	2-Methyl-N-propylbutan-2-amin
CCSCCC(CC)C(N)=O	2-Ethyl-4-(ethylsulfanyl)butanamid
CCCCSCC(C)CC	1-(Butylsulfanyl)-2-methylbutan
CC(C)CCSCC(C)C	3-Methyl-1-[(2-methylpropyl)sulfanyl]butan
CCCCCSC(C)C(C)C	1-[(1,2-Dimethylpropyl)sulfanyl]pentan
CCOC(=O)CCCC(C)C(=O)OC	2-Methylhexandisäure-6-ethyl-1-methylester
CCOC(=O)CCC(C)(C)CC	4,4-Dimethylhexansäureethylester
CCCCCNC(=O)C(C)CCC	2-Methyl-N-pentylpentanamid
CCCCNC(=O)CC	N-Butylpropanamid
CC(C)CN(C)C(C)C	N,2-Dimethyl-N-(1-methylethyl)propan-1-amin
CC(C)CCOCC(C)(C)CS	2,2-Dimethyl-3-(3-methylbutoxy)propan-1-thiol
CCCCCNC(C)CC	N-(1-Methylpropyl)pentan-1-amin
CCOC(=O)CC(C)(C)CC(C)(C)C(=O)OC	2,2,4,4-Tetramethylhexandisäure-6-ethyl-1-methylester
CCCCCC(C)(CC(=O)OC(C)C)C(=O)O	2-Methyl-2-[2-(1-methylethoxy)-2-oxoethyl]heptansäure
CCC(C)CSC(C)CC	2-Methyl-1-[(1-methylpropyl)sulfanyl]butan
CCCC(F)CNCC(C)(C)C	N-(2,2-Dimethylpropyl)-2-fluorpentan-1-amin
CCC(C)CSC(C)(C(C)C)C1CCCCC1	{1,2-Dimethyl-1-[(2-methylbutyl)sulfanyl]propyl}cyclohexan
CCC(CC(=O)OC)(CC(=O)OC(C)C)C(C)C	3-Ethyl-3-(1-methylethyl)pentandisäure-1-methyl-5-(1-methylethyl)ester
CCCC(C)OC(C)(C)C	2-(1,1-Dimethylethoxy)pentan
C=CC(C)(C)CC(=O)OC(C)C	3,3-Dimethylpent-4-ensäure(1-methylethyl)ester
CCCC(CC)C(C)(C(=O)OC)C(=O)OCC	2-(1-Ethylbutyl)-2-methylpropandisäure-1-ethyl-3-methylester
CCCC(C(=O)OC)C(=O)OC(C)C	2-Propylpropandisäure-1-methyl-3-(1-methylethyl)ester
CCC(C)(C)NC(C)(C)C	N-(1,1-Dimethylethyl)-2-methylbutan-2-amin
CCC(C)CSCC(C)(C)C(=O)OC	2,2-Dimethyl-3-[(2-methylbutyl)sulfanyl]propansäuremethylester
C=CCCC(CC)OC(=O)CC(C)(C)C	3,3-Dimethylbutansäure(1-ethylpent-4-enyl)ester
CCCCCC(=O)NCC(C)(C)C	N-(2,2-Dimethylpropyl)hexanamid
CCOC(=O)CC(CC)(CC)CC(=O)O	5-Ethoxy-3,3-diethyl-5-oxopentansäure
CCCCC(=O)OCCC(C)C	Pentansäure(3-methylbutyl)ester
CCC(C)OC(=O)C(C)(C)CC	2,2-Dimethylbutansäure(1-methylpropyl)ester
CCCCC(=O)N(C)CC(C)C[N+](=O)[O-]	N-Methyl-N-(2-methyl-3-nitropropyl)pentanamid
CCCOC(=O)CC(C)CC(C)=O	3-Methyl-5-oxohexansäurepropylester
CN(C)CCCCC(N)=O	5-(Dimethylamino)pentanamid
CCC(C)CN(C)C(C)(C)C	N-(1,1-Dimethylethyl)-N,2-dimethylbutan-1-amin
CCCCCN(CC)CC(C)(C)C	N-(2,2-Dimethylpropyl)-N-ethylpentan-1-amin
CCOC(=O)CCC(CC)C(C)C(=O)O	6-Ethoxy-3-ethyl-2-methyl-6-oxohexansäure
CC(C)(C)CSC(C)(C)C	1-[(1,1-Dimethylethyl)sulfanyl]-2,2-dimethylpropan
CC(C)(C)SC(C)(C)C	2-[(1,1-Dimethylethyl)sulfanyl]-2-methylpropan
CCC(C)COC(=O)C(C)(C)C	2,2-Dimethylpropansäure(2-methylbutyl)ester
CNC(C)OC(=O)CC(C)(C)C	3,3-Dimethylbutansäure[1-(methylamino)ethyl]ester
CCCC(CC(=O)OC)SC(C)(C)C	3-[(1,1-Dimethylethyl)sulfanyl]hexansäuremethylester
CCCC(C)(CO)NCC(C)C	2-Methyl-2-[(2-methylpropyl)amino]pentan-1-ol
CCCCCC(C)C(C(=O)OC)C(=O)OCC	2-(1-Methylhexyl)propandisäure-1-ethyl-3-methylester
CCCCCC(=O)OCC(C)(C)C	Hexansäure(2,2-dimethylpropyl)ester
CC(C)OC(=O)C(C)(C)C(C)C(C)C(=O)O	2,3,4,4-Tetramethyl-5-(1-methylethoxy)-5-oxopentansäure
CCC(C)CN(CC)C(C)(C)C	N-(1,1-Dimethylethyl)-N-ethyl-2-methylbutan-1-amin
CSCCCCN	4-(Methylsulfanyl)butan-1-amin
CC(C)CNC(C)(C)C	N-(1,1-Dimethylethyl)-2-methylpropan-1-amin
CNC(C)OC(=O)CC(C)C(=O)OC	2-Methylbutandisäure-1-methyl-4-[1-(methylamino)ethyl]ester
CCC(=O)N(C)C(C)CC	N-Methyl-N-(1-methylpropyl)propanamid
COC(C)[N+](=O)[O-]	1-Methoxy-1-nitroethan
CCCC(F)(CC(=O)OC)C(C)CC(=O)OCC	3-Fluor-4-methyl-3-propylhexandisäure-6-ethyl-1-methylester
CC(C)C(C)N(C)C(C)C	N,3-Dimethyl-N-(1-methylethyl)butan-2-amin
CC(C)(C)COCC(C)(C)C	1-(2,2-Dimethylpropoxy)-2,2-dimethylpropan
CCOC(CC)SC	1-Ethoxy-1-(methylsulfanyl)propan
COC(=O)C(C)(C)C(C)(C)C	2,2,3,3-Tetramethylbutansäuremethylester
CCN(C)CC(C)(C)CC(C)C	N-Ethyl-N,2,2,4-tetramethylpentan-1-amin
Cl/C=C/Cl	(E)-1,2-Dichlorethen
Cl/C=C\Cl	(Z)-1,2-Dichlorethen
F/C(Cl)=C(\Br)I	(Z)-1-Brom-2-chlor-2-fluor-1-iodethen
F/C(Cl)=C(/Br)I	(E)-1-Brom-2-chlor-2-fluor-1-iodethen
C/C=C(\CO)C(C)C	(Z)-2-(1-Methylethyl)but-2-en-1-ol
C/C=C(/CO)C(C)C	(E)-2-(1-Methylethyl)but-2-en-1-ol
C/C(CO)=C(/C)C(C)C	(E)-2,3,4-Trimethylpent-2-en-1-ol
C=C/C(C)=C/C	(E)-3-Methylpenta-1,3-dien
C#C/C(C)=C/C	(E)-3-Methylpent-3-en-1-in
C#C/C(C=C)=C/C	(E)-3-Ethinylpenta-1,3-dien
C/C=C(\C)C(=O)O	(E)-2-Methylbut-2-ensäure
C/C=C(\C)C=O	(E)-2-Methylbut-2-enal
C/C=C/C#N	(E)-But-2-ennitril
C/C=C/C1=CC=CC=C1	[(E)-Prop-1-enyl]benzen
C/C=C(/C)C1CCCCC1	[(Z)-1-Methylprop-1-enyl]cyclohexan
C/C=C(/C)C1=CC=CC=C1	[(Z)-1-Methylprop-1-enyl]benzen
ClC/C=C/CBr	(E)-1-Brom-4-chlorbut-2-en
OC/C=C/CS	(E)-4-Sulfanylbut-2-en-1-ol
C/C=C/C=C/C	(2E,4E)-Hexa-2,4-dien
C/C=C\C=C/C	(2Z,4Z)-Hexa-2,4-dien
C/C=C\C=C\C	(2Z,4E)-Hexa-2,4-dien
C/C(CO)=C(\Cl)CBr	(E)-4-Brom-3-chlor-2-methylbut-2-en-1-ol
C/C=C/CC/C=C/C	(2E,6E)-Octa-2,6-dien
C/C=C/C(=O)OC	(E)-But-2-ensäuremethylester
C/C=C/COC(=O)/C=C/C	(E)-But-2-ensäure[(E)-but-2-enyl]ester
C/C=C/NC	(E)-N-Methylprop-1-en-1-amin
C/C=C/OC	(E)-1-Methoxyprop-1-en
C/C=C/[N+](=O)[O-]	(E)-1-Nitroprop-1-en
COC(=O)/C=C/C(=O)O	(E)-4-Methoxy-4-oxobut-2-ensäure
C1=C\CCCCCC/1	(Z)-Cycloocten
C1=C\CCCCCCC/1	(Z)-Cyclononen
CC1=CC=C(/C=C/C(=O)O)C=C1	(E)-3-(4-Methylphenyl)prop-2-ensäure
C/C(=C\Cl)C(=O)O	(E)-3-Chlor-2-methylprop-2-ensäure
C=C(CC=O)CCO	5-Hydroxy-3-methylidenpentanal
C/C(=C/CC(C)C)CC1=CC=CC=C1	[(Z)-2,5-Dimethylhex-2-enyl]benzen
C=C(C)F	2-Fluorprop-1-en
C=C(C)C(C)CF	4-Fluor-2,3-dimethylbut-1-en
C=CC(C)(CC1=CC=CC=C1)C(CC)CO	2-Ethyl-3-methyl-3-(phenylmethyl)pent-4-en-1-ol
C/C(=C\N)C(C)(C)C	(E)-2,3,3-Trimethylbut-1-en-1-amin
C/C=C(\Cl)C(CC)C(C)C	(Z)-3-Chlor-4-ethyl-5-methylhex-2-en
C=C(C)C(C)C(C)Br	4-Brom-2,3-dimethylpent-1-en
CC(C)=CC1=CC=CC=C1	(2-Methylprop-1-enyl)benzen
C=C(Br)CCCC	2-Bromhex-1-en
C=C(CO)C(C)(C)CC	3,3-Dimethyl-2-methylidenpentan-1-ol
C=C/C(N)=C\CC(C)(C)CC	(E)-6,6-Dimethylocta-1,3-dien-3-amin
C/C=C(/C#N)C(C)CCCC(=O)O	(E)-6-Cyano-5-methyloct-6-ensäure
C=CC(Cl)C(O)CCCC	3-Chloroct-1-en-4-ol
C/C(=C\C(C)C)CCO	(E)-3,5-Dimethylhex-3-en-1-ol
CCC/C(C)=C(\C)CC=O	(E)-3,4-Dimethylhept-3-enal
CCC(CC)=C(C)C(=O)O	3-Ethyl-2-methylpent-2-ensäure
CC(C)=CC(C)(CCl)CC(=O)O	3-(Chlormethyl)-3,5-dimethylhex-4-ensäure
CCC=C(CC)CC	3-Ethylhex-3-en
CCC/C=C(/OC)C(C)C	(E)-3-Methoxy-2-methylhept-3-en
C=CC(C)C1=CC=CC=C1	(1-Methylprop-2-enyl)benzen
CC(C)=C(C)CO	2,3-Dimethylbut-2-en-1-ol
CCC(F)/C(C)=C\CO	(Z)-4-Fluor-3-methylhex-2-en-1-ol
C=CCC(CC=C)CCC	4-Propylhepta-1,6-dien
CC/C=C\Cl	(Z)-1-Chlorbut-1-en
C/C=C/C(N)CC	(E)-Hex-4-en-3-amin
C=C(C#N)C(C)(C)C	3,3-Dimethyl-2-methylidenbutannitril
C/C=C(/C)CO	(Z)-2-Methylbut-2-en-1-ol
C=C(C)CC=O	3-Methylbut-3-enal
C=C(C(C)C)C(C)(CC)CC	4-Ethyl-2,4-dimethyl-3-methylidenhexan
C=CCC(C)(CO)C(=C)C	2-Methyl-2-(1-methylethenyl)pent-4-en-1-ol
CCC/C(F)=C\C(C)C1=CC=CC=C1	[(E)-3-Fluor-1-methylhex-2-enyl]benzen
CC/C(C)=C(\F)CC	(Z)-3-Fluor-4-methylhex-3-en
CC(N)/C=C/C(C)Br	(E)-5-Bromhex-3-en-2-amin
C/C=C/CCCCC#N	(E)-Oct-6-ennitril
C/C(F)=C(\C)C(C)C(C)C(C)C	(Z)-2-Fluor-3,4,5,6-tetramethylhept-2-en
CCC/C=C(/C)C(C)CO	(Z)-2,3-Dimethylhept-3-en-1-ol
CCC(C)(C)/C=C(/C)COC	(Z)-1-Methoxy-2,4,4-trimethylhex-2-en
CCCC(C)/C=C\CC(=O)O	(Z)-5-Methyloct-3-ensäure
C=C(CCC)C(C)(C)C=O	2,2-Dimethyl-3-methylidenhexanal
C=C(CBr)C(C)(C)C	2-(Brommethyl)-3,3-dimethylbut-1-en
CCC(CF)C/C(C)=C\Cl	(Z)-1-Chlor-4-(fluormethyl)-2-methylhex-1-en
CC(C)=C(C)CN	2,3-Dimethylbut-2-en-1-amin
C=CC(CC)C(C)CC(=O)O	4-Ethyl-3-methylhex-5-ensäure
CC(C)=C(C)C(C)N	3,4-Dimethylpent-3-en-2-amin
CC/C=C\CC(CC)OCC#N	2-{[(Z)-1-Ethylhex-3-enyl]oxy}ethannitril
CCC/C=C(/CCCO)C(C)C	(Z)-4-(1-Methylethyl)oct-4-en-1-ol
C=CCCO	But-3-en-1-ol
COC/C(Cl)=C(/C)C(C)C	(E)-2-Chlor-1-methoxy-3,4-dimethylpent-2-en
C=CC(C)C(C)(C)CF	5-Fluor-3,4,4-trimethylpent-1-en
CC/C=C(/CC)C(C)O	(Z)-3-Ethylhex-3-en-2-ol
CCC/C=C(/CC)CO	(Z)-2-Ethylhex-2-en-1-ol
C=CCCC(C)COC=O	Methansäure(2-methylhex-5-enyl)ester
C=CC(C)(CC)COC	3-(Methoxymethyl)-3-methylpent-1-en
C=CC(CN)C(C)C	2-(1-Methylethyl)but-3-en-1-amin
C/C=C\C(C)(C)CCOC	(Z)-6-Methoxy-4,4-dimethylhex-2-en
C=CCC(C)(C(=C)CC)C(C)C	4-Methyl-4-(1-methylethyl)-5-methylidenhept-1-en
C=C(C)C(CC)(CCO)COC	3-Ethyl-3-(methoxymethyl)-4-methylpent-4-en-1-ol
CC/C=C(/C)C1=CC=CC=C1	[(Z)-1-Methylbut-1-enyl]benzen
C=C(C)CC(C)(O)CC	3,5-Dimethylhex-5-en-3-ol
C/C=C\C(C)(C)CN	(Z)-2,2-Dimethylpent-3-en-1-amin
CC(C)=C(C)C(C)C1=CC=CC=C1Br	1-Brom-2-(1,2,3-trimethylbut-2-enyl)benzen
C=CCCC(F)CCCl	7-Chlor-5-fluorhept-1-en
C/C=C(\C)C(C)C(C)C#N	(E)-2,3,4-Trimethylhex-4-ennitril
CCC(C)(C)/C=C(/N)OC	(Z)-1-Methoxy-3,3-dimethylpent-1-en-1-amin
C/C=C/C(C(=O)O)C(C)(C)C	(E)-2-(1,1-Dimethylethyl)pent-3-ensäure
C=C(CCC)C(C)C(F)CC	3-Fluor-4-methyl-5-methylidenoctan
C=CC(Cl)CCCC	3-Chlorhept-1-en
CCC(CO)CC/C(C)=C/O	(E)-5-Ethyl-2-methylhex-1-en-1,6-diol
CCC/C(C)=C/CCC1=CC=CC=C1	[(E)-4-Methylhept-3-enyl]benzen
C=CCCC(C)(C)CC(C)C	5,5,7-Trimethyloct-1-en
C/C=C\OC	(Z)-1-Methoxyprop-1-en
C=C(Br)C(C)CC	2-Brom-3-methylpent-1-en
C=CC(CC)CCCOC	3-Ethyl-6-methoxyhex-1-en
C=C(C)C(C)(C)C(C)F	4-Fluor-2,3,3-trimethylpent-1-en
C/C(=C\C(=O)O)C(C)C	(E)-3,4-Dimethylpent-2-ensäure
C=C(C)CO	2-Methylprop-2-en-1-ol
C=C(N)C(C)(C)C	3,3-Dimethylbut-1-en-2-amin
CCC(C)/C(C)=C\CO	(Z)-3,4-Dimethylhex-2-en-1-ol
C=CCCCCC1=CC=CC=C1	(Hex-5-enyl)benzen
C=C(C)CC(=O)O	3-Methylbut-3-ensäure
C=C(CCC(C)C)C(C)C(C)C	2,3,7-Trimethyl-4-methylidenoctan
OCCO	Ethan-1,2-diol
OCC(O)CO	Propan-1,2,3-triol
O=CO	Methansäure
CCCCCCCCCCCCCCCC(=O)O	Hexadecansäure
CCCCCCCCCCCCCCCCCC(=O)O	Octadecansäure
O=C(O)C(=O)O	Ethandisäure
O=C(O)CC(=O)O	Propandisäure
O=C(O)CCC(=O)O	Butandisäure
CC(O)C(=O)O	2-Hydroxypropansäure
O=C(O)CC(O)C(=O)O	2-Hydroxybutandisäure
O=C(O)C(O)C(O)C(=O)O	2,3-Dihydroxybutandisäure
O=C(O)CC(O)(CC(=O)O)C(=O)O	2-Hydroxypropan-1,2,3-tricarbonsäure
C=CC(=O)O	Prop-2-ensäure
CC(=O)C(=O)O	2-Oxopropansäure
O=C(O)/C=C\C(=O)O	(Z)-But-2-endisäure
O=C(O)/C=C/C(=O)O	(E)-But-2-endisäure
C/C=C/C(=O)O	(E)-But-2-ensäure
C/C=C\C(=O)O	(Z)-But-2-ensäure
CCCCCCCC/C=C\CCCCCCCC(=O)O	(Z)-Octadec-9-ensäure
CCCCCCCC/C=C/CCCCCCCC(=O)O	(E)-Octadec-9-ensäure
O=C(O)/C=C/C1=CC=CC=C1	(E)-3-Phenylprop-2-ensäure
C/C=C/C=C/C(=O)O	(2E,4E)-Hexa-2,4-diensäure
CC(C)=CCC/C(C)=C/C=O	(E)-3,7-Dimethylocta-2,6-dienal
CC(C)=CCC/C(C)=C\C=O	(Z)-3,7-Dimethylocta-2,6-dienal
CC(C)=CCC/C(C)=C/CO	(E)-3,7-Dimethylocta-2,6-dien-1-ol
CC(C)=CCC/C(C)=C\CO	(Z)-3,7-Dimethylocta-2,6-dien-1-ol
CC1=CC=CC=C1C	1,2-Dimethylbenzen
CC1=CC=C(C)C=C1	1,4-Dimethylbenzen
C=CC1=CC=CC=C1	Ethenylbenzen
O=C(O)C1=CC=CC=C1O	2-Hydroxybenzoesäure
CC(=O)OC1=CC=CC=C1C(=O)O	2-(Acetyloxy)benzoesäure
CC1=C([N+](=O)[O-])C=C([N+](=O)[O-])C=C1[N+](=O)[O-]	2-Methyl-1,3,5-trinitrobenzen
O=[N+]([O-])C1=CC([N+](=O)[O-])=C(O)C([N+](=O)[O-])=C1	2,4,6-Trinitrophenol
CC(C)=CCCC(C)CC=O	3,7-Dimethyloct-6-enal
O=CC(O)C(O)C(O)C(O)CO	2,3,4,5,6-Pentahydroxyhexanal
ClC(Cl)Cl	Trichlormethan
ClC(Cl)(Cl)Cl	Tetrachlormethan
ClCCl	Dichlormethan
NCC(=O)O	2-Aminoethansäure
CC(N)C(=O)O	2-Aminopropansäure
CC(C)C(N)C(=O)O	2-Amino-3-methylbutansäure
CC(C)CC(N)C(=O)O	2-Amino-4-methylpentansäure
CCC(C)C(N)C(=O)O	2-Amino-3-methylpentansäure
NC(CO)C(=O)O	2-Amino-3-hydroxypropansäure
NC(CS)C(=O)O	2-Amino-3-sulfanylpropansäure
NC(CC1=CC=CC=C1)C(=O)O	2-Amino-3-phenylpropansäure
NC(CC(=O)O)C(=O)O	2-Aminobutandisäure
NC(CCC(=O)O)C(=O)O	2-Aminopentandisäure
NCCCCC(N)C(=O)O	2,6-Diaminohexansäure
CC(O)C(N)C(=O)O	2-Amino-3-hydroxybutansäure
CSCCC(N)C(=O)O	2-Amino-4-(methylsulfanyl)butansäure
NC(CC1=CC=C(O)C=C1)C(=O)O	2-Amino-3-(4-hydroxyphenyl)propansäure
C#N	Methannitril
C1CCOCC1	Oxan
OC1=CC=CC=C1	Phenol
NC1=CC=CC=C1	Anilin
CCSCCC(F)([N+](=O)[O-])[N+](=O)[O-]	3-(Ethylsulfanyl)-1-fluor-1,1-dinitropropan
CCCC([N+](=O)[O-])C(F)(SC)C(C)=O	3-Fluor-3-(methylsulfanyl)-4-nitroheptan-2-on
C/C=C\Cl	(Z)-1-Chlorprop-1-en
CCC(F)(CCN)C(C)CC(C)C	3-Ethyl-3-fluor-4,6-dimethylheptan-1-amin
C=CSC(/C(Cl)=C(/Cl)Br)(C(F)CN)[N+](=O)[O-]	(E)-5-Brom-4,5-dichlor-3-(ethenylsulfanyl)-2-fluor-3-nitropent-4-en-1-amin
ClC1(Br)C(Br)CCC1Br	1,2,5-Tribrom-1-chlorcyclopentan
FCCl	Chlorfluormethan
CC1/C(=C/N)C1(C)C	(Z)-(2,2,3-Trimethylcyclopropyliden)methanamin
C/C(CC(F)F)=C(/Cl)CF	(Z)-2-Chlor-1,5,5-trifluor-3-methylpent-2-en
CC(Br)C(C)(Cl)[N+](=O)[O-]	3-Brom-2-chlor-2-nitrobutan
COC1=C(SCCl)C=C1Br	3-Brom-1-[(chlormethyl)sulfanyl]-2-methoxycyclobuta-1,3-dien
CCNC(Br)C(C)F	1-Brom-N-ethyl-2-fluorpropan-1-amin
CC1N(C)C1(Br)C(Cl)C(Br)C(Cl)(Br)[N+](=O)[O-]	2-Brom-2-(2,3-dibrom-1,3-dichlor-3-nitropropyl)-1,3-dimethylaziridin
O/C=C(/Br)CSCBr	(E)-2-Brom-3-[(brommethyl)sulfanyl]prop-1-en-1-ol
C/C(Cl)=C(/N)Cl	(E)-1,2-Dichlorprop-1-en-1-amin
CCC([N+](=O)[O-])[N+](=O)[O-]	1,1-Dinitropropan
NCC(Cl)C(O)(Br)C(F)C1NC(Cl)([N+](=O)[O-])C1CCl	4-Amino-2-brom-3-chlor-1-[4-chlor-3-(chlormethyl)-4-nitroazetidin-2-yl]-1-fluorbutan-2-ol
CCCCC(F)(CC)C(F)CCl	1-Chlor-3-ethyl-2,3-difluorheptan
O=[N+]([O-])C1(S)CNC(C(O)F)C1	Fluor(4-nitro-4-sulfanylpyrrolidin-2-yl)methanol
CCCC(C)(CO)CC(Cl)([N+](=O)[O-])[N+](=O)[O-]	2-(2-Chlor-2,2-dinitroethyl)-2-methylpentan-1-ol
CCCC(N)(F)F	1,1-Difluorbutan-1-amin
CCC(SC(C)(C)[N+](=O)[O-])[N+](=O)[O-]	1-[(1-Methyl-1-nitroethyl)sulfanyl]-1-nitropropan
NC[N+](=O)[O-]	Nitromethanamin
CC1(C(F)C([N+](=O)[O-])[N+](=O)[O-])OC(Br)(C(C)(C)F)C1S	2-Brom-4-(1-fluor-2,2-dinitroethyl)-2-(1-fluor-1-methylethyl)-4-methyloxetan-3-thiol
CCCC1(Br)C(Br)C(C[N+](=O)[O-])(C(C)O)OC1(C)CO	1-[3,4-Dibrom-5-(hydroxymethyl)-5-methyl-2-(nitromethyl)-4-propyloxolan-2-yl]ethan-1-ol
C=CCO	Prop-2-en-1-ol
CCC(O)(Br)C/C(F)=C/OC	(Z)-3-Brom-5-fluor-6-methoxyhex-5-en-3-ol
CC(F)(Cl)CCCl	1,3-Dichlor-3-fluorbutan
CC1([N+](=O)[O-])NCCC(Cl)(Cl)C1(F)F	4,4-Dichlor-3,3-difluor-2-methyl-2-nitropiperidin
CC(C)C([N+](=O)[O-])(C(C)(CBr)C[N+](=O)[O-])C(C)(Cl)[N+](=O)[O-]	1-Brom-4-chlor-2-methyl-3-(1-methylethyl)-3,4-dinitro-2-(nitromethyl)pentan
COC(C)(CCF)/C(C)=C(\C)SC(C)C	(E)-6-Fluor-4-methoxy-3,4-dimethyl-2-[(1-methylethyl)sulfanyl]hex-2-en
OCCNCBr	2-[(Brommethyl)amino]ethan-1-ol
CNC1C(=O)C1(Br)C(C)(C)CCl	2-Brom-2-(2-chlor-1,1-dimethylethyl)-3-(methylamino)cyclopropan-1-on
C=C(C1SC(CC)C1(F)Br)[N+](=O)[O-]	3-Brom-2-ethyl-3-fluor-4-(1-nitroethenyl)thietan
O=[N+]([O-])C1CC1(C1CN1)[N+](=O)[O-]	2-(1,2-Dinitrocyclopropyl)aziridin
CCC(Cl)(Br)CO	2-Brom-2-chlorbutan-1-ol
CCC(Cl)Br	1-Brom-1-chlorpropan
CCC(N)(S)Br	1-Amino-1-brompropan-1-thiol
CC1CC(C)(F)C(F)(Cl)C1	1-Chlor-1,2-difluor-2,4-dimethylcyclopentan
CCC(=O)C(F)CC	4-Fluorhexan-3-on
CCOC(C)(Br)[N+](=O)[O-]	1-Brom-1-ethoxy-1-nitroethan
C#CC(F)Br	3-Brom-3-fluorprop-1-in
CC(C)C(C)C1(N/C(Cl)=C(\Cl)[N+](=O)[O-])CO1	N-[(E)-1,2-Dichlor-2-nitroethenyl]-2-(1,2-dimethylpropyl)oxiran-2-amin
NCC(CBr)(OCCS)OC(Br)CBr	2-[1-(Aminomethyl)-2-brom-1-(1,2-dibromethoxy)ethoxy]ethan-1-thiol
CC(O)C(Cl)([N+](=O)[O-])[N+](=O)[O-]	1-Chlor-1,1-dinitropropan-2-ol
CCC(F)Cl	1-Chlor-1-fluorpropan
CC1C(N)C(=O)C1(F)C(C)(F)F	4-Amino-2-(1,1-difluorethyl)-2-fluor-3-methylcyclobutan-1-on
CCC(F)(C(C)(C)C)C(C)(C)Cl	2-Chlor-3-ethyl-3-fluor-2,4,4-trimethylpentan
CC(N)C(N)Br	1-Brompropan-1,2-diamin
CNCC1C([N+](=O)[O-])C1(C)Cl	(2-Chlor-2-methyl-3-nitrocyclopropyl)-N-methylmethanamin
C/C(=C\Br)CO	(E)-3-Brom-2-methylprop-2-en-1-ol
CC(CO)SC(CS)(C(C)(O)F)C1(Br)OC1(N)F	3-(3-Amino-2-brom-3-fluoroxiran-2-yl)-2-fluor-3-[(2-hydroxy-1-methylethyl)sulfanyl]-4-sulfanylbutan-2-ol
O=C(O)CCl	2-Chlorethansäure
CC1([N+](=O)[O-])CN1	2-Methyl-2-nitroaziridin
CC(O)(S)N1C/C1=C/[N+](=O)[O-]	1-[(Z)-2-(Nitromethyliden)aziridin-1-yl]-1-sulfanylethan-1-ol
C=CC(C)(CCCl)[N+](=O)[O-]	5-Chlor-3-methyl-3-nitropent-1-en
CSC1(F)OC1(O)Cl	2-Chlor-3-fluor-3-(methylsulfanyl)oxiran-2-ol
COC(C)(C)SC(Br)CCl	2-[(1-Brom-2-chlorethyl)sulfanyl]-2-methoxypropan
CC(S)C1(N)CCS1	1-(2-Aminothietan-2-yl)ethan-1-thiol
CC(C)C1=CC1	1-(1-Methylethyl)cycloprop-1-en
C=CCl	Chlorethen
NCC(F)([N+](=O)[O-])C(Cl)(/C(Cl)=C(/O)CCl)[N+](=O)[O-]	(Z)-6-Amino-1,3,4-trichlor-5-fluor-4,5-dinitrohex-2-en-2-ol
CC(N)(CCl)C(F)(F)Br	1-Brom-3-chlor-1,1-difluor-2-methylpropan-2-amin
CC(S)CC(C)(O)F	2-Fluor-4-sulfanylpentan-2-ol
CCC(C)SC(C)(O)Cl	1-Chlor-1-[(1-methylpropyl)sulfanyl]ethan-1-ol
CCC/C(C)=C/[N+](=O)[O-]	(E)-2-Methyl-1-nitropent-1-en
CC(Br)C(N)(OCBr)C(S)(Br)N(C)C	2-Amino-1,3-dibrom-2-(brommethoxy)-1-(dimethylamino)butan-1-thiol
NCOCBr	(Brommethoxy)methanamin
COC1(Cl)N(C)C1(C)F	2-Chlor-3-fluor-2-methoxy-1,3-dimethylaziridin
CC(N)C1(Br)C(CF)C1(C)C	1-[1-Brom-3-(fluormethyl)-2,2-dimethylcyclopropyl]ethan-1-amin
CNC(C(C)Cl)[N+](=O)[O-]	2-Chlor-N-methyl-1-nitropropan-1-amin
NC(O)(CBr)C1(F)SC(F)(NCO)C1(Cl)Cl	1-Amino-2-brom-1-{3,3-dichlor-2,4-difluor-4-[(hydroxymethyl)amino]thietan-2-yl}ethan-1-ol
FC(F)(Br)CCl	1-Brom-2-chlor-1,1-difluorethan
CCOC=C(C)C	1-Ethoxy-2-methylprop-1-en
CCC(C)(F)C(C[N+](=O)[O-])[N+](=O)[O-]	3-Fluor-3-methyl-1,2-dinitropentan
COCO	Methoxymethanol
CC(Cl)(CF)C(N)(F)C(F)(Br)C1(Br)NC1Br	1-Brom-3-chlor-1-(2,3-dibromaziridin-2-yl)-1,2,4-trifluor-3-methylbutan-2-amin
CC(F)(CC(N)(Cl)C[N+](=O)[O-])[N+](=O)[O-]	2-Chlor-4-fluor-1,4-dinitropentan-2-amin
CCC(C)(F)Cl	2-Chlor-2-fluorbutan
CCCO/C=C/Cl	1-{[(E)-2-Chlorethenyl]oxy}propan
CC1C(Br)C(Cl)C1(C)Cl	3-Brom-1,2-dichlor-1,4-dimethylcyclobutan
C=CC(C)(N)CC	3-Methylpent-1-en-3-amin
C=C(C)C(C)C(S)C(C)F	2-Fluor-4,5-dimethylhex-5-en-3-thiol
CC(C)C(F)(OC(O)O)[N+](=O)[O-]	(1-Fluor-2-methyl-1-nitropropoxy)methandiol
CCC#CCl	1-Chlorbut-1-in
CC(N)(CO)C(C)(Cl)[N+](=O)[O-]	2-Amino-3-chlor-2-methyl-3-nitrobutan-1-ol
CCSC(CC)CCl	1-Chlor-2-(ethylsulfanyl)butan
C=C(C)C(O)(S)C(C)(C)[N+](=O)[O-]	2,4-Dimethyl-4-nitro-3-sulfanylpent-1-en-3-ol
O=[N+]([O-])C(Cl)(Br)C(S)Cl	2-Brom-1,2-dichlor-2-nitroethan-1-thiol
CC1(C)CC1Cl	2-Chlor-1,1-dimethylcyclopropan
O=[N+]([O-])CCF	1-Fluor-2-nitroethan
CCC(F)[N+](=O)[O-]	1-Fluor-1-nitropropan
CC(C)C(N)(F)C[N+](=O)[O-]	2-Fluor-3-methyl-1-nitrobutan-2-amin
CSC(C)(/C(=C(/Br)[N+](=O)[O-])[N+](=O)[O-])C(C)(N)Br	(Z)-2,5-Dibrom-3-methyl-3-(methylsulfanyl)-4,5-dinitropent-4-en-2-amin
CC(N)C(C)N(C)C(F)(S)C=O	2-[(2-Amino-1-methylpropyl)(methyl)amino]-2-fluor-2-sulfanylethanal
CC(C)([N+](=O)[O-])C(Br)(CBr)[N+](=O)[O-]	1,2-Dibrom-3-methyl-2,3-dinitrobutan
CCC(CBr)([N+](=O)[O-])C(Cl)(CCCO)[N+](=O)[O-]	5-(Brommethyl)-4-chlor-4,5-dinitroheptan-1-ol
CC(F)(S)CBr	1-Brom-2-fluorpropan-2-thiol
CC1(C(Br)(Br)SCF)CC1	1-{Dibrom[(fluormethyl)sulfanyl]methyl}-1-methylcyclopropan
O=[N+]([O-])C1(COCCl)SC1(F)Br	2-Brom-3-[(chlormethoxy)methyl]-2-fluor-3-nitrothiiran
O=[N+]([O-])C(F)(SC(O)(Cl)Cl)C(Cl)Br	[(2-Brom-2-chlor-1-fluor-1-nitroethyl)sulfanyl]dichlormethanol
FCSCS	[(Fluormethyl)sulfanyl]methanthiol
C=C=CC[N+](=O)[O-]	4-Nitrobuta-1,2-dien
CCC1(F)CN1C	2-Ethyl-2-fluor-1-methylaziridin
C/C=C/C/C(CBr)=C(\C)F	(2Z,5E)-3-(Brommethyl)-2-fluorhepta-2,5-dien
CNC(F)C(C)C(C)C	1-Fluor-N,2,3-trimethylbutan-1-amin
NC(O)(Cl)[N+](=O)[O-]	Aminochlornitromethanol
O=[N+]([O-])C(Cl)(Br)C(Cl)(Br)[N+](=O)[O-]	1,2-Dibrom-1,2-dichlor-1,2-dinitroethan
CC(Br)C(C)C(C)(F)Br	2,4-Dibrom-2-fluor-3-methylpentan
NCO	Aminomethanol
O=[N+]([O-])C(F)(Br)CCBr	1,3-Dibrom-1-fluor-1-nitropropan
CC(F)(CN)C(C)(CCl)[N+](=O)[O-]	4-Chlor-2-fluor-2,3-dimethyl-3-nitrobutan-1-amin
CC/C(Cl)=C(\F)C(S)C(S)Br	(E)-1-Brom-4-chlor-3-fluorhex-3-en-1,2-dithiol
FCC1CC1Cl	1-Chlor-2-(fluormethyl)cyclopropan
O=[N+]([O-])/C(Br)=C(\F)SC1([N+](=O)[O-])C(Br)C1(O)[N+](=O)[O-]	3-Brom-2-{[(Z)-2-brom-1-fluor-2-nitroethenyl]sulfanyl}-1,2-dinitrocyclopropan-1-ol
C=C(C)C(N)CC	2-Methylpent-1-en-3-amin
CCC1(C)C(F)(F)C1(C(C)C)C(C)O	1-[2-Ethyl-3,3-difluor-2-methyl-1-(1-methylethyl)cyclopropyl]ethan-1-ol
C/C(F)=C/Cl	(Z)-1-Chlor-2-fluorprop-1-en
F/C=C(/F)CCl	(E)-3-Chlor-1,2-difluorprop-1-en
CC(C)=CCl	1-Chlor-2-methylprop-1-en
CC(Cl)([N+](=O)[O-])C(CN)(CCBr)[N+](=O)[O-]	2-(2-Bromethyl)-3-chlor-2,3-dinitrobutan-1-amin
CCOC(F)(O/C(Cl)=C(/Cl)Br)SCO	[({[(E)-2-Brom-1,2-dichlorethenyl]oxy}(ethoxy)fluormethyl)sulfanyl]methanol
CCC(C)(Br)CN	2-Brom-2-methylbutan-1-amin
CO/C=C(/C)CC(C)C	(Z)-1-Methoxy-2,4-dimethylpent-1-en
CCCC(F)(F)C1(C)OC1(Cl)[N+](=O)[O-]	2-Chlor-3-(1,1-difluorbutyl)-3-methyl-2-nitrooxiran
CC(O)NC(S)Br	1-{[Brom(sulfanyl)methyl]amino}ethan-1-ol
CC1CCC(Cl)C1(C[N+](=O)[O-])[N+](=O)[O-]	2-Chlor-5-methyl-1-nitro-1-(nitromethyl)cyclopentan
CC(Cl)C1CCC1	(1-Chlorethyl)cyclobutan
CC(/C=C\O)(CCl)[N+](=O)[O-]	(Z)-4-Chlor-3-methyl-3-nitrobut-1-en-1-ol
CCC1C(C)C(C)(Br)C1(Br)[N+](=O)[O-]	1,2-Dibrom-3-ethyl-1,4-dimethyl-2-nitrocyclobutan
CC(C)=C(C)CC(C)Cl	5-Chlor-2,3-dimethylhex-2-en
CC(C(C)(Cl)CF)C(F)(Cl)CF	2,4-Dichlor-1,2,5-trifluor-3,4-dimethylpentan
CCC(C=O)(CN)[N+](=O)[O-]	2-(Aminomethyl)-2-nitrobutanal
CSCF	Fluor(methylsulfanyl)methan
CSC(C)Br	1-Brom-1-(methylsulfanyl)ethan
C/C=C1/SC1(Cl)CC	(E)-2-Chlor-2-ethyl-3-ethylidenthiiran
CC([N+](=O)[O-])C(Cl)(NCBr)[N+](=O)[O-]	N-(Brommethyl)-1-chlor-1,2-dinitropropan-1-amin
CC1(C[N+](=O)[O-])C(CN)C([N+](=O)[O-])C1(C(Cl)Br)[N+](=O)[O-]	[3-(Bromchlormethyl)-2-methyl-3,4-dinitro-2-(nitromethyl)cyclobutyl]methanamin
O=[N+]([O-])C(Cl)(Br)C(F)(F)Cl	1-Brom-1,2-dichlor-2,2-difluor-1-nitroethan
C/C(Cl)=C\C(O)Br	(E)-1-Brom-3-chlorbut-2-en-1-ol
ClC(Br)Br	Dibromchlormethan
CC(Br)C=O	2-Brompropanal
OCCSCCF	2-[(2-Fluorethyl)sulfanyl]ethan-1-ol
CC/C(SC)=C(\F)Br	(Z)-1-Brom-1-fluor-2-(methylsulfanyl)but-1-en
COC(C)(/C(C)=C\N)[N+](=O)[O-]	(Z)-3-Methoxy-2-methyl-3-nitrobut-1-en-1-amin
CC(Cl)[N+](=O)[O-]	1-Chlor-1-nitroethan
CCC1(C(CC)(SCCl)[N+](=O)[O-])CCSC1Br	2-Brom-3-{1-[(chlormethyl)sulfanyl]-1-nitropropyl}-3-ethylthiolan
CSC1(C(Br)C2CC2)C(N)(F)C(C)OC1(F)[N+](=O)[O-]	4-[Brom(cyclopropyl)methyl]-3,5-difluor-2-methyl-4-(methylsulfanyl)-5-nitrooxolan-3-amin
CC(F)(Cl)C(Br)CCl	2-Brom-1,3-dichlor-3-fluorbutan
C=C(F)C(Br)(C(=C)F)C(C)(C)O	3-Brom-4-fluor-3-(1-fluorethenyl)-2-methylpent-4-en-2-ol
CC(C)(O)CO	2-Methylpropan-1,2-diol
CC(S)SC(C)(Br)C(Br)C(F)[N+](=O)[O-]	1-[(1,2-Dibrom-3-fluor-1-methyl-3-nitropropyl)sulfanyl]ethan-1-thiol
CCCCC(C)CSC(C)(Br)C(N)Br	1,2-Dibrom-2-[(2-methylhexyl)sulfanyl]propan-1-amin
CCCCC1(C)C(C)(Cl)OCC(O)([N+](=O)[O-])C1(Cl)[N+](=O)[O-]	5-Butyl-4,6-dichlor-5,6-dimethyl-3,4-dinitrooxan-3-ol
C/C=C(/C)S	(Z)-But-2-en-2-thiol
CCC(CCCl)NC[N+](=O)[O-]	1-Chlor-N-(nitromethyl)pentan-3-amin
CCC(Cl)(Br)C(C)Cl	3-Brom-2,3-dichlorpentan
C=C1CN1C	1-Methyl-2-methylidenaziridin
N#CC[N+](=O)[O-]	2-Nitroethannitril
CC(Br)(C(C[N+](=O)[O-])C(Cl)(CCl)CC[N+](=O)[O-])[N+](=O)[O-]	5-Brom-3-chlor-3-(chlormethyl)-1,5-dinitro-4-(nitromethyl)hexan
CC(F)C(C)(O)CC(Br)([N+](=O)[O-])C(C)(C)C(Cl)(Br)[N+](=O)[O-]	5,7-Dibrom-7-chlor-2-fluor-3,6,6-trimethyl-5,7-dinitroheptan-3-ol
